timestamp,memory,cpu,network
2026-06-02 22:06:51.189752,36765696.0,0.0,1658.0
2026-06-02 22:07:01.227257,40022016.0,0.0009076943556975368,2958.0
2026-06-02 22:07:11.251797,41717760.0,0.0018720966450845322,4076.0
2026-06-02 22:07:21.273372,42631168.0,0.0021890483128012683,5194.0
2026-06-02 22:07:31.303237,43450368.0,0.002448889494337062,6312.0
2026-06-02 22:07:41.443180,43454464.0,0.005645331606115904,7430.0
2026-06-02 22:07:51.490726,44240896.0,0.006383939309834395,8548.0
2026-06-02 22:08:01.537789,44322816.0,0.006489504572621872,9666.0
2026-06-02 22:08:11.569781,44748800.0,0.006856942366997204,10784.0
2026-06-02 22:08:21.605916,45051904.0,0.007041852792348605,11902.0
2026-06-02 22:08:31.641548,44539904.0,0.0070736743913814935,13020.0
2026-06-02 22:08:41.719068,44687360.0,0.00481003884075292,14138.0
2026-06-02 22:08:51.779791,45957120.0,0.0054606528305367495,15256.0
2026-06-02 22:09:02.265903,45596672.0,0.005949453660870959,16374.0
2026-06-02 22:09:12.423944,45428736.0,0.03636966177594933,17492.0
2026-06-02 22:09:22.606391,46727168.0,0.04399421183490801,18610.0
2026-06-02 22:09:32.822175,46907392.0,0.04526610638718607,19728.0
2026-06-02 22:09:44.075422,49405952.0,0.07262911233564297,21405.0
2026-06-02 22:09:54.231577,49463296.0,0.09853198780729759,22523.0
2026-06-02 22:10:04.375745,50405376.0,0.07239687906371912,23641.0
2026-06-02 22:10:14.596749,49901568.0,0.0705028856050581,24759.0
2026-06-02 22:10:24.891170,50319360.0,0.08208373552566388,25877.0
2026-06-02 22:10:35.061477,48750592.0,0.06960817572571759,26995.0
2026-06-02 22:10:45.336690,49278976.0,0.029158599899514307,28113.0
2026-06-02 22:10:55.575108,48730112.0,0.03685370759806163,29231.0
2026-06-02 22:11:06.032321,47833088.0,0.03886431052544523,30349.0
2026-06-02 22:11:16.193720,47349760.0,0.028559850852662168,31467.0
2026-06-02 22:11:26.317190,48029696.0,0.052184286354588105,32585.0
2026-06-02 22:11:36.467587,48959488.0,0.05351636264633816,33703.0
2026-06-02 22:11:46.626412,47140864.0,0.04985427055171724,34821.0
2026-06-02 22:11:57.189758,44916736.0,0.05290393191867396,35939.0
2026-06-02 22:12:07.368055,45580288.0,0.05053844643757768,37057.0
2026-06-02 22:12:17.772282,45338624.0,0.031952454969370034,38734.0
2026-06-02 22:12:27.979658,46444544.0,0.03761159562484102,39852.0
2026-06-02 22:12:38.124177,47222784.0,0.034810658454001865,40970.0
2026-06-02 22:12:48.702092,47468544.0,0.02601413300810674,42088.0
2026-06-02 22:12:58.866629,47247360.0,0.037690746649649054,43206.0
2026-06-02 22:13:08.993426,47095808.0,0.035046636085626935,44324.0
2026-06-02 22:13:19.427756,48635904.0,0.027464841614114412,45442.0
2026-06-02 22:13:29.865393,49319936.0,0.03442347646052755,46560.0
2026-06-02 22:13:40.036531,48480256.0,0.035287975435454075,47678.0
2026-06-02 22:13:50.117252,48795648.0,0.024882738554930978,48796.0
2026-06-02 22:14:00.432053,49033216.0,0.046616381554147414,49914.0
2026-06-02 22:14:10.558848,47722496.0,0.044405740192053685,51032.0
2026-06-02 22:14:20.694815,47276032.0,0.03730002919281861,52150.0
2026-06-02 22:14:30.844071,47951872.0,0.04631565130804742,53268.0
2026-06-02 22:14:40.933457,48496640.0,0.05051541155545775,54386.0
2026-06-02 22:14:51.049484,48435200.0,0.025561832822369193,55504.0
2026-06-02 22:15:01.220537,48177152.0,0.02723009682381683,56622.0
2026-06-02 22:15:11.389873,46731264.0,0.028728799078047988,57740.0
2026-06-02 22:15:21.509739,47013888.0,0.017871566780201475,58858.0
2026-06-02 22:15:31.644722,47292416.0,0.01735948846859788,59976.0
2026-06-02 22:15:41.769206,48640000.0,0.01773383094375293,61094.0
2026-06-02 22:15:52.102855,48640000.0,0.014967122133489635,62212.0
2026-06-02 22:16:02.293889,47837184.0,0.022381440773494948,63330.0
2026-06-02 22:16:12.363905,47857664.0,0.02252653002318822,64448.0
2026-06-02 22:16:22.394568,48709632.0,0.02016038038680686,65566.0
2026-06-02 22:16:32.421449,50044928.0,0.01831155152549686,66684.0
2026-06-02 22:16:44.348771,49524736.0,0.015417424406437176,68361.0
2026-06-02 22:16:55.206692,49971200.0,0.02977421955151691,69479.0
2026-06-02 22:17:05.435603,49360896.0,0.051299374266718836,70597.0
2026-06-02 22:17:15.697530,45846528.0,0.06169499908071337,71715.0
2026-06-02 22:17:26.945935,46673920.0,0.06641919794438833,72833.0
2026-06-02 22:17:37.304877,47058944.0,0.08897072491258737,73951.0
2026-06-02 22:17:48.309691,48123904.0,0.0783130394464655,75628.0
2026-06-02 22:17:59.007240,47865856.0,0.06599088306620716,76746.0
2026-06-02 22:18:12.080742,48508928.0,0.11114364332859737,77864.0
2026-06-02 22:18:24.196712,47828992.0,0.12824349733625812,79541.0
2026-06-02 22:18:35.374542,48902144.0,0.13020767144517625,80659.0
2026-06-02 22:18:45.907922,48668672.0,0.14127724135432324,81777.0
2026-06-02 22:18:57.981306,47628288.0,0.13572895051737977,83454.0
2026-06-02 22:19:08.580372,48107520.0,0.09526050219941343,84572.0
2026-06-02 22:19:18.964792,47513600.0,0.09804419818191888,85690.0
2026-06-02 22:19:29.972532,47255552.0,0.0829682444801435,86808.0
2026-06-02 22:19:42.628872,47472640.0,0.06246835042086606,87926.0
2026-06-02 22:19:53.889512,47288320.0,0.10855951973174204,89603.0
2026-06-02 22:20:05.573800,47583232.0,0.1008868648130393,90721.0
2026-06-02 22:20:15.889219,46149632.0,0.09731340612135307,91839.0
2026-06-02 22:20:26.260069,46284800.0,0.10814755911980839,93516.0
2026-06-02 22:20:36.948053,47202304.0,0.11023955084217096,94634.0
2026-06-02 22:20:47.346329,47964160.0,0.058340227735298913,95752.0
2026-06-02 22:20:57.576593,48836608.0,0.06698611491232877,96870.0
2026-06-02 22:21:08.215578,47939584.0,0.06336795635103504,97988.0
2026-06-02 22:21:18.279239,48263168.0,0.05353565947375237,99106.0
2026-06-02 22:21:29.238117,46903296.0,0.0656535547520849,100224.0
2026-06-02 22:21:39.455754,45645824.0,0.06214370138307899,101342.0
2026-06-02 22:21:49.826938,45989888.0,0.05901247024549677,102887.0
2026-06-02 22:22:00.635503,46612480.0,0.09225015371261172,103578.0
2026-06-02 22:22:10.797600,46911488.0,0.08603149728958906,104696.0
2026-06-02 22:22:21.493509,47194112.0,0.07002670154215022,106373.0
2026-06-02 22:22:31.614039,48050176.0,0.06741193460490465,107491.0
2026-06-02 22:22:41.894653,49209344.0,0.06031139682248151,108609.0
2026-06-02 22:22:52.042753,48971776.0,0.02608377674014545,109727.0
2026-06-02 22:23:02.207893,49074176.0,0.03114069302690745,110845.0
2026-06-02 22:23:12.401870,49758208.0,0.03242779496001316,111963.0
2026-06-02 22:23:22.744956,49520640.0,0.021030230693863002,113081.0
2026-06-02 22:23:32.916942,47783936.0,0.03210929908545297,114199.0
2026-06-02 22:23:43.095548,47788032.0,0.0320639570943851,115317.0
2026-06-02 22:23:56.506734,48259072.0,0.02485415139893871,116435.0
2026-06-02 22:24:06.751105,48934912.0,0.09917774379273117,118112.0
2026-06-02 22:24:16.864900,48934912.0,0.10238952695762604,119230.0
2026-06-02 22:24:27.061428,48877568.0,0.09094387236323967,120348.0
2026-06-02 22:24:37.256222,49270784.0,0.09503618012134261,121466.0
2026-06-02 22:24:47.397753,47316992.0,0.09265146907971872,122584.0
2026-06-02 22:24:57.482699,47783936.0,0.041441685183539134,123702.0
2026-06-02 22:25:07.574894,47554560.0,0.021074255546113665,124820.0
2026-06-02 22:25:17.695471,47562752.0,0.02091628519005874,125938.0
2026-06-02 22:25:27.798177,48349184.0,0.01961358417078496,127056.0
2026-06-02 22:25:37.886875,48881664.0,0.019170955208562455,128174.0
2026-06-02 22:25:48.012973,49696768.0,0.019444137733244802,129292.0
2026-06-02 22:25:58.086077,48652288.0,0.01822121146094346,130410.0
2026-06-02 22:26:08.205586,47828992.0,0.01924928604995851,131528.0
2026-06-02 22:26:18.297165,48095232.0,0.020554528415191075,132646.0
2026-06-02 22:26:28.374041,48521216.0,0.020324795452899933,133764.0
2026-06-02 22:26:38.496322,48754688.0,0.019109370842719534,134882.0
2026-06-02 22:26:48.560454,49438720.0,0.024814537573307018,136000.0
2026-06-02 22:26:58.601072,49332224.0,0.024422876536415346,137196.0
2026-06-02 22:27:08.627802,49717248.0,0.025782519134125395,138314.0
2026-06-02 22:27:18.671048,48857088.0,0.025664221239924376,139432.0
2026-06-02 22:27:28.805198,47276032.0,0.025219444191343903,140550.0
2026-06-02 22:27:38.943230,47722496.0,0.03233145191236536,141668.0
2026-06-02 22:27:49.128585,46100480.0,0.04472583139984512,142786.0
2026-06-02 22:27:59.353028,46555136.0,0.048010178163213485,143904.0
2026-06-02 22:28:09.745094,46886912.0,0.044024355510114514,145022.0
2026-06-02 22:28:19.845925,47898624.0,0.047974684012805885,146140.0
2026-06-02 22:28:30.016192,48582656.0,0.04517004107981217,147258.0
2026-06-02 22:28:40.118632,47403008.0,0.04131187148535539,148376.0
2026-06-02 22:28:50.211025,48386048.0,0.023080687275183972,149494.0
2026-06-02 22:29:00.339739,47939584.0,0.020890647114326363,150612.0
2026-06-02 22:29:10.630228,48619520.0,0.022932250108806132,152289.0
2026-06-02 22:29:21.140690,49344512.0,0.023977125601243966,153407.0
2026-06-02 22:29:31.275897,49836032.0,0.021408074613517337,154525.0
2026-06-02 22:29:41.401724,50122752.0,0.022246518679344133,155643.0
2026-06-02 22:29:51.524304,47550464.0,0.021758864199356465,156761.0
2026-06-02 22:30:01.638222,46780416.0,0.018031557165028345,157879.0
2026-06-02 22:30:11.765282,47235072.0,0.02013150769008598,158997.0
2026-06-02 22:30:22.322097,48091136.0,0.02076174149659868,160115.0
2026-06-02 22:30:32.412595,49242112.0,0.021483894071843184,161233.0
2026-06-02 22:30:42.576884,49872896.0,0.022050450548652043,162351.0
2026-06-02 22:30:52.803363,49340416.0,0.022500509591234952,163469.0
2026-06-02 22:31:02.928823,49983488.0,0.021888760806916548,164587.0
2026-06-02 22:31:13.155987,49696768.0,0.019846071024489934,165705.0
2026-06-02 22:31:23.234538,51179520.0,0.0194885396911405,166823.0
2026-06-02 22:31:33.316856,51204096.0,0.017461480122755686,167941.0
2026-06-02 22:31:43.435421,50491392.0,0.017790740574908256,169059.0
2026-06-02 22:31:53.829678,51703808.0,0.020175320122513527,170177.0
2026-06-02 22:32:03.932409,49262592.0,0.022541054831435897,171295.0
2026-06-02 22:32:14.034262,49459200.0,0.02330316554789693,172413.0
2026-06-02 22:32:24.187627,50782208.0,0.022768556065667325,173531.0
2026-06-02 22:32:34.290643,48889856.0,0.025119748362887273,174649.0
2026-06-02 22:32:44.436079,48283648.0,0.024409178726351555,175767.0
2026-06-02 22:32:54.592063,49676288.0,0.02243076923076931,176885.0
2026-06-02 22:33:04.693446,50819072.0,0.022066217671430324,178003.0
2026-06-02 22:33:14.839330,50601984.0,0.019274181666666782,179121.0
2026-06-02 22:33:25.289604,50286592.0,0.020733448098460526,180239.0
2026-06-02 22:33:35.479189,49901568.0,0.019782583166663592,181916.0
2026-06-02 22:33:45.628143,50016256.0,0.02491898558403818,183034.0
2026-06-02 22:33:55.792865,50352128.0,0.02867957876813746,184152.0
2026-06-02 22:34:05.921917,50429952.0,0.02883909136474305,185270.0
2026-06-02 22:34:16.021545,47456256.0,0.03931173043095866,186388.0
2026-06-02 22:34:26.224840,45879296.0,0.035806616291927613,187506.0
2026-06-02 22:34:36.519077,47144960.0,0.0327900367088139,188624.0
2026-06-02 22:34:46.636701,47792128.0,0.035021924438986954,189742.0
2026-06-02 22:34:56.812470,48025600.0,0.03690243149503371,190860.0
2026-06-02 22:35:07.133424,48066560.0,0.035939038665874265,191978.0
2026-06-02 22:35:17.285432,48246784.0,0.04349059941280502,193096.0
2026-06-02 22:35:27.335938,48783360.0,0.04368445972707302,194214.0
2026-06-02 22:35:37.476619,49098752.0,0.044235100379313316,195332.0
2026-06-02 22:35:47.606057,49352704.0,0.04622968492381294,196450.0
2026-06-02 22:35:59.674588,49897472.0,0.04275588311352481,197568.0
2026-06-02 22:36:09.846947,49647616.0,0.041427707642413394,198686.0
2026-06-02 22:36:19.958308,49119232.0,0.02725643836708661,199804.0
2026-06-02 22:36:30.102307,49831936.0,0.028731886035000317,200922.0
2026-06-02 22:36:40.436052,50245632.0,0.019533599163876456,202599.0
2026-06-02 22:36:50.720979,50298880.0,0.024675180032287768,203717.0
2026-06-02 22:37:01.006499,49352704.0,0.024573133621239557,204835.0
2026-06-02 22:37:11.313931,48369664.0,0.02223034916731461,205953.0
2026-06-02 22:37:21.547600,48271360.0,0.02538830913073091,207071.0
2026-06-02 22:37:31.693694,49766400.0,0.025439930605753835,208189.0
2026-06-02 22:37:41.939438,50176000.0,0.017240752102205135,209307.0
2026-06-02 22:37:56.607529,49782784.0,0.027067700883852373,210984.0
2026-06-02 22:38:06.701807,50327552.0,0.0257523121387285,212102.0
2026-06-02 22:38:16.830184,49123328.0,0.02166030165417381,213220.0
2026-06-02 22:38:26.966435,49557504.0,0.02349088598402336,214338.0
2026-06-02 22:38:37.128900,47730688.0,0.025238179416088243,215456.0
2026-06-02 22:38:47.217980,48214016.0,0.01400320172677403,216574.0
2026-06-02 22:38:57.306305,48054272.0,0.0191213444072435,217692.0
2026-06-02 22:39:07.350544,48058368.0,0.018996030433344517,218810.0
2026-06-02 22:39:17.477615,48017408.0,0.015572659759787284,219928.0
2026-06-02 22:39:27.628844,49344512.0,0.01860485177164277,221046.0
2026-06-02 22:39:37.806367,49242112.0,0.017896429755720283,222164.0
2026-06-02 22:39:48.100728,49315840.0,0.015019303726846782,223282.0
2026-06-02 22:39:58.213447,49561600.0,0.042559681598717425,224400.0
2026-06-02 22:40:08.305230,49844224.0,0.04219117700563943,225518.0
2026-06-02 22:40:18.535945,51142656.0,0.03946464479367712,226636.0
2026-06-02 22:40:28.657040,51400704.0,0.04269441416138491,227754.0
2026-06-02 22:40:38.812101,50556928.0,0.04175285987513976,228872.0
2026-06-02 22:40:49.123615,51154944.0,0.01391694757642666,229990.0
2026-06-02 22:40:59.225311,51019776.0,0.017971525746811854,231108.0
2026-06-02 22:41:09.334285,49934336.0,0.018901150099968813,232226.0
2026-06-02 22:41:19.490290,50081792.0,0.01507637759298188,233344.0
2026-06-02 22:41:29.592190,50966528.0,0.01708232389631371,234462.0
2026-06-02 22:41:40.320507,50667520.0,0.01716834053376725,236139.0
2026-06-02 22:41:50.492238,51085312.0,0.018135841094295585,237257.0
2026-06-02 22:42:00.699484,51535872.0,0.022088389310220457,238375.0
2026-06-02 22:42:10.836023,52551680.0,0.023613952720670288,239493.0
2026-06-02 22:42:21.118500,51585024.0,0.02601955809282167,240611.0
2026-06-02 22:42:31.438016,47591424.0,0.030169438104553744,241729.0
2026-06-02 22:42:41.515988,48447488.0,0.026956334094948065,242847.0
2026-06-02 22:42:51.837275,49414144.0,0.02467906868535031,243965.0
2026-06-02 22:43:03.064963,50315264.0,0.04595567851759264,245083.0
2026-06-02 22:43:13.271353,50225152.0,0.051732179807349156,246201.0
2026-06-02 22:43:23.906813,50970624.0,0.0652026815316794,247319.0
2026-06-02 22:43:34.824909,50761728.0,0.09381083542418076,248437.0
2026-06-02 22:43:45.114746,50835456.0,0.10314188139501479,249555.0
2026-06-02 22:43:55.282921,50294784.0,0.07935407970316458,251232.0
2026-06-02 22:44:05.526493,50663424.0,0.08171212592660387,252350.0
2026-06-02 22:44:15.597295,49836032.0,0.09442523441055962,253468.0
2026-06-02 22:44:25.893766,48889856.0,0.06482455061665897,254586.0
2026-06-02 22:44:36.009105,47013888.0,0.08312795894719434,255704.0
2026-06-02 22:44:46.054149,48472064.0,0.10494678825166623,256822.0
2026-06-02 22:44:56.077304,48279552.0,0.1185727927107061,257940.0
2026-06-02 22:45:06.111895,48652288.0,0.11773665949235562,259058.0
2026-06-02 22:45:16.137089,50495488.0,0.08084557926265575,260176.0
2026-06-02 22:45:26.169896,49860608.0,0.05078023583057248,261294.0
2026-06-02 22:45:36.197715,50327552.0,0.05020270030200734,262412.0
2026-06-02 22:45:46.222593,49156096.0,0.0037707823080247805,263530.0
2026-06-02 22:45:56.249334,48623616.0,0.0032736834522009454,264648.0
2026-06-02 22:46:06.272238,47849472.0,0.003444645512694183,265766.0
2026-06-02 22:46:16.296064,47288320.0,0.003430566133536474,266884.0
2026-06-02 22:46:26.325273,47538176.0,0.0027659026151976226,268002.0
2026-06-02 22:46:36.354018,49201152.0,0.0034296968379875646,269120.0
2026-06-02 22:46:46.386040,49602560.0,0.003716972079204291,270238.0
2026-06-02 22:46:57.025049,50659328.0,0.00339026862645716,271356.0
2026-06-02 22:47:07.129634,50331648.0,0.010660619557148868,272474.0
2026-06-02 22:47:17.153728,48508928.0,0.011035686318380082,273592.0
2026-06-02 22:47:27.184391,48340992.0,0.010047132685373399,274710.0
2026-06-02 22:47:37.212260,48340992.0,0.010150848681834463,275828.0
2026-06-02 22:47:47.240078,49106944.0,0.009726658409529736,276946.0
2026-06-02 22:47:57.266840,48869376.0,0.0031119178584525526,278064.0
2026-06-02 22:48:07.293125,49045504.0,0.003555321039768988,279182.0
2026-06-02 22:48:17.319194,49188864.0,0.0035036803364877347,280300.0
2026-06-02 22:48:27.351547,49065984.0,0.0029911955598141836,281418.0
2026-06-02 22:48:37.386106,50176000.0,0.003553517487353,282536.0
2026-06-02 22:48:47.415214,49926144.0,0.003484314116389174,283654.0
2026-06-02 22:48:57.445745,51003392.0,0.002453308730417235,284772.0
2026-06-02 22:49:07.762725,51527680.0,0.002984312446787338,285890.0
2026-06-02 22:49:17.824279,51527680.0,0.003121488272764233,287008.0
2026-06-02 22:49:27.859404,51752960.0,0.0031377673535489562,288126.0
2026-06-02 22:49:37.935812,51769344.0,0.004123377690159434,289244.0
2026-06-02 22:49:47.970094,52174848.0,0.011526623318785081,290362.0
2026-06-02 22:49:58.007360,52183040.0,0.020089596096310117,291480.0
2026-06-02 22:50:08.044804,50671616.0,0.021558858458334055,292598.0
2026-06-02 22:50:18.070869,51216384.0,0.021629405429494465,293716.0
2026-06-02 22:50:30.238607,51228672.0,0.020058102538144412,295393.0
2026-06-02 22:50:40.285002,51748864.0,0.014116194504740314,296511.0
2026-06-02 22:50:50.317972,52703232.0,0.004793128721942219,297629.0
2026-06-02 22:51:00.350237,51437568.0,0.004325981315114698,298747.0
2026-06-02 22:51:10.385667,49328128.0,0.021244781612513294,299865.0
2026-06-02 22:51:20.428135,50409472.0,0.02144580643994863,300983.0
2026-06-02 22:51:30.484754,50933760.0,0.020250243445017486,302101.0
2026-06-02 22:51:40.657480,50683904.0,0.02098659610068376,303219.0
2026-06-02 22:51:50.996094,49963008.0,0.026877244418545398,304337.0
2026-06-02 22:52:01.041763,50237440.0,0.012160207203318276,305455.0
2026-06-02 22:52:11.084520,48939008.0,0.011243598933921387,306573.0
2026-06-02 22:52:21.117787,49201152.0,0.011071638861628921,307691.0
2026-06-02 22:52:31.156234,49545216.0,0.00991057533075729,308809.0
2026-06-02 22:52:41.212260,50233344.0,0.004922273297116797,309927.0
2026-06-02 22:52:51.252426,50200576.0,0.004632754837422763,311045.0
2026-06-02 22:53:01.330676,50614272.0,0.004167072284780485,312163.0
2026-06-02 22:53:11.399178,50880512.0,0.005955620655773494,313281.0
2026-06-02 22:53:21.449004,50425856.0,0.008899800844128492,314399.0
2026-06-02 22:53:31.509903,49901568.0,0.019102571120965,315517.0
2026-06-02 22:53:41.566734,49012736.0,0.02039369003557429,316635.0
2026-06-02 22:53:51.674850,49168384.0,0.02082232632749434,317753.0
2026-06-02 22:54:04.402513,49831936.0,0.02779741860836254,318871.0
2026-06-02 22:54:15.197827,50356224.0,0.0741569326470106,320548.0
2026-06-02 22:54:25.364572,49049600.0,0.07745024565520274,321666.0
2026-06-02 22:54:35.467214,50061312.0,0.07947602369207649,322784.0
2026-06-02 22:54:45.621876,51466240.0,0.11112361388838392,323902.0
2026-06-02 22:54:55.688139,50425856.0,0.11468840776312697,325020.0
2026-06-02 22:55:05.736448,50159616.0,0.06962942999101626,326138.0
2026-06-02 22:55:15.789031,50302976.0,0.06918476935217714,327256.0
2026-06-02 22:55:25.831651,50302976.0,0.06424141265804632,328374.0
2026-06-02 22:55:35.876958,50970624.0,0.03890850551542624,329492.0
2026-06-02 22:55:46.326396,48369664.0,0.043327010385075,331037.0
2026-06-02 22:55:56.390554,48713728.0,0.07091494723003332,332155.0
2026-06-02 22:56:06.443459,49377280.0,0.06511182102843492,333273.0
2026-06-02 22:56:16.479952,49172480.0,0.06597213431945173,334391.0
2026-06-02 22:56:26.519293,48910336.0,0.06659892885834139,335509.0
2026-06-02 22:56:36.584378,50028544.0,0.051576079828432514,336627.0
2026-06-02 22:56:46.623547,50257920.0,0.07739244081354138,337745.0
2026-06-02 22:56:56.693926,51019776.0,0.040450258583536625,338863.0
2026-06-02 22:57:06.918288,50782208.0,0.0527311524136285,339981.0
2026-06-02 22:57:17.015146,50823168.0,0.07426012622542343,341099.0
2026-06-02 22:57:27.103097,48254976.0,0.08487868681041318,342217.0
2026-06-02 22:57:37.161551,48144384.0,0.06926040214280464,343335.0
2026-06-02 22:57:47.202534,47083520.0,0.06368226117378264,344453.0
2026-06-02 22:57:58.715039,47804416.0,0.06542736563973647,345571.0
2026-06-02 22:58:08.797537,47812608.0,0.04859104077641759,346689.0
2026-06-02 22:58:19.218517,47898624.0,0.012412658152698798,347807.0
2026-06-02 22:58:29.282334,48459776.0,0.01045648295003981,348925.0
2026-06-02 22:58:39.347951,49590272.0,0.009212532360240989,350043.0
2026-06-02 22:58:49.438176,49803264.0,0.014603415188187894,351588.0
2026-06-02 22:58:59.495234,50143232.0,0.013598740848016967,352279.0
2026-06-02 22:59:12.519457,50696192.0,0.010983205088929979,353956.0
2026-06-02 22:59:22.591823,51511296.0,0.01110010815567072,355074.0
2026-06-02 22:59:32.992850,52686848.0,0.010476079533328643,356192.0
2026-06-02 22:59:43.138206,52060160.0,0.0071854838709677175,357310.0
2026-06-02 22:59:53.229796,52006912.0,0.018510055345498287,358428.0
2026-06-02 23:00:03.281387,52674560.0,0.018633666976608673,359546.0
2026-06-02 23:00:13.396115,51101696.0,0.026507641220393917,360664.0
2026-06-02 23:00:23.451007,50143232.0,0.027985767530237165,361782.0
2026-06-02 23:00:33.493489,49975296.0,0.03949902010597363,362900.0
2026-06-02 23:00:44.891290,49803264.0,0.02765513733468958,364577.0
2026-06-02 23:00:54.940753,49278976.0,0.027671678000367645,365695.0
2026-06-02 23:01:04.986912,49008640.0,0.01726783670354806,366813.0
2026-06-02 23:01:15.032140,49381376.0,0.031334192269573756,367931.0
2026-06-02 23:01:25.087883,49704960.0,0.019967584434655197,369049.0
2026-06-02 23:01:35.127623,50569216.0,0.028409569677028172,370167.0
2026-06-02 23:01:45.191881,50642944.0,0.0454344338569195,371285.0
2026-06-02 23:01:55.637745,50393088.0,0.08274805649248762,372830.0
2026-06-02 23:02:05.668636,48812032.0,0.2788072183740431,373521.0
2026-06-02 23:02:15.711153,48680960.0,0.2664755880967051,374639.0
2026-06-02 23:02:25.965616,48418816.0,0.2709760579254754,376184.0
2026-06-02 23:02:36.063260,48590848.0,0.29514714779993817,377302.0
2026-06-02 23:02:46.096881,48410624.0,0.24140990861852699,378420.0
2026-06-02 23:02:56.155612,48312320.0,0.08648102703442767,379538.0
2026-06-02 23:03:06.203010,48877568.0,0.050137909550685575,380656.0
2026-06-02 23:03:16.275215,49078272.0,0.043759293714202084,381774.0
2026-06-02 23:03:26.373603,50589696.0,0.010166648481541701,382892.0
2026-06-02 23:03:36.422376,51118080.0,0.010367889028259284,384010.0
2026-06-02 23:03:49.600448,51310592.0,0.006349065355077825,385128.0
2026-06-02 23:03:59.656047,51269632.0,0.008156775943968393,386246.0
2026-06-02 23:04:10.606294,52330496.0,0.008663681017047075,387923.0
2026-06-02 23:04:20.661097,49356800.0,0.006955158390411153,389468.0
2026-06-02 23:04:30.717578,49254400.0,0.016970464525931886,390159.0
2026-06-02 23:04:42.297334,49512448.0,0.041055092714109793,391277.0
2026-06-02 23:04:54.196932,49094656.0,0.04449957048964204,392395.0
2026-06-02 23:05:04.240720,48852992.0,0.04083914999999986,393513.0
2026-06-02 23:05:15.012769,49033216.0,0.039079226450405534,395190.0
2026-06-02 23:05:26.669325,49573888.0,0.03138272254984549,396308.0
2026-06-02 23:05:36.823275,50192384.0,0.04338925096816838,397426.0
2026-06-02 23:05:48.532155,50196480.0,0.041215143087169635,398544.0
2026-06-02 23:05:58.596937,50081792.0,0.04563658796588762,399662.0
2026-06-02 23:06:08.648291,50036736.0,0.04414621971568646,400780.0
2026-06-02 23:06:18.730006,48062464.0,0.06051636244636757,401898.0
2026-06-02 23:06:29.028629,48697344.0,0.02820656356096114,403016.0
2026-06-02 23:06:40.800078,48287744.0,0.03674596093347333,405120.0
2026-06-02 23:06:53.825494,49991680.0,0.05328342098993936,405811.0
2026-06-02 23:07:03.893098,49434624.0,0.05313334431872238,406929.0
2026-06-02 23:07:13.943937,49541120.0,0.030819580889599206,408047.0
2026-06-02 23:07:23.994210,49565696.0,0.032434421638059006,409165.0
2026-06-02 23:07:35.325121,49664000.0,0.09597960763580711,410842.0
2026-06-02 23:07:45.373093,50020352.0,0.07714095153401505,411960.0
2026-06-02 23:07:56.293505,49344512.0,0.1053098886682096,413078.0
2026-06-02 23:08:08.858753,47235072.0,0.1103366576387597,414196.0
2026-06-02 23:08:18.910292,47341568.0,0.03214278833333329,415314.0
2026-06-02 23:08:28.957114,48054272.0,0.03486357730619346,416432.0
2026-06-02 23:08:39.004933,49229824.0,0.034870979738303304,417550.0
2026-06-02 23:08:49.053398,50122752.0,0.04237990411359931,418668.0
2026-06-02 23:08:59.111076,50663424.0,0.02284300037573911,419786.0
2026-06-02 23:09:09.157539,50991104.0,0.02228219515784787,420904.0
2026-06-02 23:09:19.198978,50933760.0,0.024086665345749964,422022.0
2026-06-02 23:09:29.241091,51548160.0,0.03635322083177834,423140.0
2026-06-02 23:09:40.813970,50528256.0,0.01867570604539667,424817.0
2026-06-02 23:09:50.865470,50573312.0,0.02692588878760274,426362.0
2026-06-02 23:10:00.999832,50450432.0,0.026288163361615494,427480.0
2026-06-02 23:10:11.068973,50208768.0,0.026856616072259667,428598.0
2026-06-02 23:10:21.857971,50298880.0,0.013539421741354953,429716.0
2026-06-02 23:10:31.931059,49455104.0,0.013272792805781206,430834.0
2026-06-02 23:10:42.017394,49152000.0,0.004860965460618339,431952.0
2026-06-02 23:10:52.066039,48885760.0,0.005003023221306792,433070.0
2026-06-02 23:11:02.192248,49274880.0,0.009340149616812472,434188.0
2026-06-02 23:11:16.232783,50491392.0,0.05569255610588042,435865.0
2026-06-02 23:11:26.349137,50225152.0,0.05594995259253741,436983.0
2026-06-02 23:11:36.400897,49655808.0,0.057889194930510667,438101.0
2026-06-02 23:11:46.440395,50814976.0,0.05930292070300458,439219.0
2026-06-02 23:11:56.477904,48447488.0,0.056064254569069355,440337.0
2026-06-02 23:12:06.507504,49373184.0,0.009039680792515535,441455.0
2026-06-02 23:12:16.549955,48590848.0,0.008836851276339498,442573.0
2026-06-02 23:12:27.143140,48087040.0,0.022838404597785043,443691.0
2026-06-02 23:12:44.675071,49565696.0,0.0203459945994601,445927.0
2026-06-02 23:12:54.725909,48799744.0,0.018638710605325255,447045.0
2026-06-02 23:13:04.824229,49876992.0,0.019237279878752733,448163.0
2026-06-02 23:13:14.874851,50151424.0,0.019698902555793315,449281.0
2026-06-02 23:13:24.916521,51236864.0,0.015436727961161316,450399.0
2026-06-02 23:13:37.596871,50843648.0,0.01664772412775184,451517.0
2026-06-02 23:13:47.906381,52432896.0,0.139793243333333,452635.0
2026-06-02 23:13:57.946123,51941376.0,0.15639420359904815,453753.0
2026-06-02 23:14:08.998817,51949568.0,0.15851178298385488,454871.0
2026-06-02 23:14:19.505641,50946048.0,0.1642764836433842,456548.0
2026-06-02 23:14:30.271512,50409472.0,0.17362893655015885,457666.0
2026-06-02 23:14:42.848580,50233344.0,0.051223233140578917,458784.0
2026-06-02 23:14:53.217548,50081792.0,0.08679288605230409,459902.0
2026-06-02 23:15:03.263155,49086464.0,0.06538993966235263,461020.0
2026-06-02 23:15:13.305596,48943104.0,0.05857547135605498,462138.0
2026-06-02 23:15:23.348378,49082368.0,0.0640598501012093,463256.0
2026-06-02 23:15:33.384702,50798592.0,0.05783242706169265,464801.0
2026-06-02 23:15:45.860311,50622464.0,0.036376206509539794,466478.0
2026-06-02 23:15:57.033877,50769920.0,0.05374701548474383,467596.0
2026-06-02 23:16:11.426377,52523008.0,0.0782259273838308,469273.0
2026-06-02 23:16:26.112376,52609024.0,0.10893488583265558,470950.0
2026-06-02 23:16:36.178083,52969472.0,0.08056203402435641,472068.0
2026-06-02 23:16:48.005494,53510144.0,0.06313953811831599,473186.0
2026-06-02 23:16:58.058762,53276672.0,0.06445384481147524,474304.0
2026-06-02 23:17:08.110484,53313536.0,0.05004743488326148,475422.0
2026-06-02 23:17:18.148229,53731328.0,0.05941475543874807,476540.0
2026-06-02 23:17:29.590021,52023296.0,0.06017309771464799,478217.0
2026-06-02 23:17:39.642095,50925568.0,0.15408941565600892,479335.0
2026-06-02 23:17:49.679101,50905088.0,0.12520525059665835,480453.0
2026-06-02 23:17:59.717604,50401280.0,0.10650035944071029,481571.0
2026-06-02 23:18:09.755812,51269632.0,0.10077124314811081,482689.0
2026-06-02 23:18:19.797623,50651136.0,0.10172285347833135,483807.0
2026-06-02 23:18:29.840745,49750016.0,0.007269724737544653,484925.0
2026-06-02 23:18:39.876301,48766976.0,0.04369281057490257,487324.0
2026-06-02 23:18:49.914219,49254400.0,0.044553795439977596,488442.0
2026-06-02 23:19:02.116424,49438720.0,0.04309869690820216,489560.0
2026-06-02 23:19:12.175351,47853568.0,0.09963256274174719,491105.0
2026-06-02 23:19:23.302969,48812032.0,0.09651608274979412,492223.0
2026-06-02 23:19:33.798376,51445760.0,0.06389431931654267,493900.0
2026-06-02 23:19:47.707002,51728384.0,0.06898888382507382,495445.0
2026-06-02 23:19:58.008061,51519488.0,0.012805253456123128,496136.0
2026-06-02 23:20:08.069003,49139712.0,0.03857512825485251,497813.0
2026-06-02 23:20:18.446275,50405376.0,0.03966638906490475,498931.0
2026-06-02 23:20:30.073247,49991680.0,0.039437729862263,500049.0
2026-06-02 23:20:40.118481,50487296.0,0.039156808803300955,501167.0
2026-06-02 23:20:50.151239,50880512.0,0.07152624269533214,502285.0
2026-06-02 23:21:00.204631,50475008.0,0.08618172282205687,503403.0
2026-06-02 23:21:14.249341,51900416.0,0.0698618736464098,505080.0
2026-06-02 23:21:24.423443,52699136.0,0.11087525667351096,506198.0
2026-06-02 23:21:34.496922,51032064.0,0.11118809266154368,507316.0
2026-06-02 23:21:44.561284,50167808.0,0.09126276399613033,508434.0
2026-06-02 23:21:54.599917,49311744.0,0.09174422246220294,509552.0
2026-06-02 23:22:04.638058,50020352.0,0.09755395593835677,510670.0
2026-06-02 23:22:14.691788,50212864.0,0.059077810466256535,511788.0
2026-06-02 23:22:24.738947,50180096.0,0.06542264796317507,512906.0
2026-06-02 23:22:34.802778,50184192.0,0.07065705228625643,514024.0
2026-06-02 23:22:45.670823,49451008.0,0.04954872063228554,515142.0
2026-06-02 23:22:59.432219,50663424.0,0.06389226937105216,517246.0
2026-06-02 23:23:11.410120,51417088.0,0.0740624051211706,517937.0
2026-06-02 23:23:21.447513,50098176.0,0.07923759423259932,519055.0
2026-06-02 23:23:31.493046,50970624.0,0.07424848242521206,520173.0
2026-06-02 23:23:41.551153,51118080.0,0.05882482680873486,521291.0
2026-06-02 23:23:51.585495,51531776.0,0.06275424487815837,522409.0
2026-06-02 23:24:01.627658,51044352.0,0.016142862254665307,523527.0
2026-06-02 23:24:11.670111,51306496.0,0.006859836475888668,524645.0
2026-06-02 23:24:21.713782,51007488.0,0.00718729287870994,525763.0
2026-06-02 23:24:31.754475,51634176.0,0.006756850182792296,526881.0
2026-06-02 23:24:41.788845,49565696.0,0.003352100379469157,527999.0
2026-06-02 23:24:51.827528,50491392.0,0.00525817154315953,529117.0
2026-06-02 23:25:01.872880,50200576.0,0.008188350265073446,530235.0
2026-06-02 23:25:11.925795,49516544.0,0.02262476005778382,531353.0
2026-06-02 23:25:21.963771,51081216.0,0.0218049207855735,532471.0
2026-06-02 23:25:34.426291,48398336.0,0.022099687676937436,534148.0
2026-06-02 23:25:44.471909,49045504.0,0.021209298144685647,535266.0
2026-06-02 23:25:54.533223,51019776.0,0.019309664300368616,536384.0
2026-06-02 23:26:04.606731,51257344.0,0.007641538265630949,537502.0
2026-06-02 23:26:14.644244,51511296.0,0.03298533503257845,538620.0
2026-06-02 23:26:24.679800,51097600.0,0.054874878793320175,539738.0
2026-06-02 23:26:40.856409,50642944.0,0.06581527688917323,541415.0
2026-06-02 23:26:50.944014,49909760.0,0.08372085961646215,542533.0
2026-06-02 23:27:00.975771,49696768.0,0.08422091734987824,543651.0
2026-06-02 23:27:11.612326,49704960.0,0.06113645806284076,544769.0
2026-06-02 23:27:21.978913,49528832.0,0.055603951238461916,545887.0
2026-06-02 23:27:33.848200,50315264.0,0.04420098066737804,547564.0
2026-06-02 23:27:46.680527,51367936.0,0.06238168007631775,548682.0
2026-06-02 23:27:59.975220,50929664.0,0.06078482531902936,550359.0
2026-06-02 23:28:11.736147,53039104.0,0.07923082322270104,551477.0
2026-06-02 23:28:21.790717,52551680.0,0.07584789650327779,553022.0
2026-06-02 23:28:31.832423,51884032.0,0.10996513794338929,553713.0
2026-06-02 23:28:41.907641,51355648.0,0.07752349199465114,554831.0
2026-06-02 23:28:51.948442,51740672.0,0.08123966349415551,555949.0
2026-06-02 23:29:01.993865,49872896.0,0.08889769718948304,557067.0
2026-06-02 23:29:12.166488,50790400.0,0.08598874573078506,558185.0
2026-06-02 23:29:23.925512,49872896.0,0.07026993797075735,559862.0
2026-06-02 23:29:34.361667,50495488.0,0.0816414098091913,560980.0
2026-06-02 23:29:44.416012,51306496.0,0.16501098197126396,562525.0
2026-06-02 23:29:54.458455,51638272.0,0.13235565406187833,563216.0
2026-06-02 23:30:04.498933,48607232.0,0.1394523303801165,564334.0
2026-06-02 23:30:14.528778,49295360.0,0.1816614089074796,565879.0
2026-06-02 23:30:24.580662,50909184.0,0.24324839758305933,566865.0
2026-06-02 23:30:34.626470,51085312.0,0.2931372685481954,568115.0
2026-06-02 23:30:49.564957,50634752.0,0.3121912418130133,569792.0
2026-06-02 23:31:01.556703,50380800.0,0.29187018686042127,570910.0
2026-06-02 23:31:12.827213,48844800.0,0.3172418904917513,572028.0
2026-06-02 23:31:23.718051,48377856.0,0.15389504611147123,573705.0
2026-06-02 23:31:33.762646,48488448.0,0.11713265218542153,574823.0
2026-06-02 23:31:44.630172,49754112.0,0.09149835971015527,575941.0
2026-06-02 23:31:54.671313,49926144.0,0.09980792203709518,577059.0
2026-06-02 23:32:05.319081,50348032.0,0.08563160904204639,578177.0
2026-06-02 23:32:15.388388,50962432.0,0.1407005530634667,579295.0
2026-06-02 23:32:25.428138,49561600.0,0.1499099437488665,580413.0
2026-06-02 23:32:35.471077,50552832.0,0.1641788293103771,581531.0
2026-06-02 23:32:49.569235,49696768.0,0.12773159083812333,582649.0
2026-06-02 23:32:59.629433,48971776.0,0.12085400905041352,584326.0
2026-06-02 23:33:09.662472,50180096.0,0.04019140190440278,585444.0
2026-06-02 23:33:19.702340,51392512.0,0.04375156657239511,586562.0
2026-06-02 23:33:31.933969,52482048.0,0.03693418157817571,588239.0
2026-06-02 23:33:42.079308,51159040.0,0.061365791614153585,589357.0
2026-06-02 23:33:52.163050,52056064.0,0.049496560233306,590475.0
2026-06-02 23:34:02.394226,52588544.0,0.050665827843979834,591593.0
2026-06-02 23:34:12.796601,51802112.0,0.037161650450188065,592711.0
2026-06-02 23:34:22.888687,50782208.0,0.036990762039711904,593829.0
2026-06-02 23:34:33.966006,50933760.0,0.021191694940256793,594947.0
2026-06-02 23:34:44.374512,49266688.0,0.05038929070363777,596492.0
2026-06-02 23:34:54.446561,49520640.0,0.08048035717553167,597183.0
2026-06-02 23:35:04.830178,49582080.0,0.080075921007462,598301.0
2026-06-02 23:35:14.890542,51109888.0,0.09189440852467642,599419.0
2026-06-02 23:35:24.969319,51060736.0,0.09591905637714887,600537.0
2026-06-02 23:35:37.211010,52137984.0,0.049097935201011966,602641.0
2026-06-02 23:35:47.259753,52277248.0,0.03139675216491828,603332.0
2026-06-02 23:35:57.311637,51798016.0,0.031465495312159586,604450.0
2026-06-02 23:36:07.624373,52723712.0,0.0287080567395713,605568.0
2026-06-02 23:36:17.839851,52727808.0,0.025947572574788493,606686.0
2026-06-02 23:36:28.577046,51793920.0,0.024912197752808913,607804.0
2026-06-02 23:36:39.138393,52068352.0,0.016039955913348537,608922.0
2026-06-02 23:36:52.324759,51154944.0,0.1614705227218776,611026.0
2026-06-02 23:37:05.194466,51429376.0,0.17138798994774102,612144.0
2026-06-02 23:37:15.436449,52056064.0,0.17335147976942436,613821.0
2026-06-02 23:37:25.589490,52531200.0,0.16147206465281622,614939.0
2026-06-02 23:37:36.286450,51761152.0,0.08173486531021647,616057.0
2026-06-02 23:37:46.388660,50958336.0,0.04008443705516422,617175.0
2026-06-02 23:37:56.507661,51212288.0,0.02624767689258301,618293.0
2026-06-02 23:38:06.619452,51978240.0,0.026571244744092587,619411.0
2026-06-02 23:38:16.716872,48214016.0,0.02688572727272768,620529.0
2026-06-02 23:38:27.985446,48365568.0,0.01534635124445862,621647.0
2026-06-02 23:38:38.052510,47362048.0,0.02375529321885913,622765.0
2026-06-02 23:38:48.119699,48128000.0,0.025263298418567212,623883.0
2026-06-02 23:38:58.164268,49655808.0,0.02053150883552375,625001.0
2026-06-02 23:39:08.208427,49815552.0,0.020793764642277654,626119.0
2026-06-02 23:39:18.692986,50413568.0,0.026614615227597487,627237.0
2026-06-02 23:39:28.765953,51019776.0,0.018214671312762564,628355.0
2026-06-02 23:39:39.231266,50507776.0,0.01931347685048629,629473.0
2026-06-02 23:39:49.282958,50683904.0,0.04050183270419515,630591.0
2026-06-02 23:40:00.120349,50716672.0,0.03524051805565673,632268.0
2026-06-02 23:40:10.178728,51060736.0,0.07349898650499445,633386.0
2026-06-02 23:40:20.232711,51892224.0,0.07037431142122753,634504.0
2026-06-02 23:40:30.275949,51564544.0,0.06875197174593313,635622.0
2026-06-02 23:40:40.325084,52289536.0,0.047508149816329545,636740.0
2026-06-02 23:40:50.379899,51851264.0,0.07225212915648413,637858.0
2026-06-02 23:41:00.427711,52310016.0,0.03356279949558622,638976.0
2026-06-02 23:41:11.270826,52834304.0,0.03508968970759191,640094.0
2026-06-02 23:41:25.492633,52973568.0,0.03930681298582525,641771.0
2026-06-02 23:41:35.564666,52871168.0,0.06492614795918394,642889.0
2026-06-02 23:41:45.759813,52203520.0,0.041900508803396685,644007.0
2026-06-02 23:41:55.808611,51982336.0,0.042847305936073006,645125.0
2026-06-02 23:42:06.236816,52510720.0,0.04124868601051167,646243.0
2026-06-02 23:42:16.279688,52310016.0,0.041504833847963545,647361.0
2026-06-02 23:42:27.431734,51478528.0,0.012299092658784594,648479.0
2026-06-02 23:42:37.497389,51789824.0,0.026012003288572175,649597.0
2026-06-02 23:42:55.981607,52846592.0,0.020667468150008705,651833.0
2026-06-02 23:43:06.032795,48660480.0,0.021150049412540093,652951.0
2026-06-02 23:43:16.077614,49897472.0,0.02139871542411212,654069.0
2026-06-02 23:43:26.119895,50495488.0,0.027036233863185915,655187.0
2026-06-02 23:43:36.165019,50540544.0,0.014459339959675245,656305.0
2026-06-02 23:43:46.485080,51130368.0,0.01459040684911369,657423.0
2026-06-02 23:43:56.939645,51126272.0,0.012503496121490218,658541.0
2026-06-02 23:44:06.973998,51277824.0,0.0123800891694027,659659.0
2026-06-02 23:44:17.006136,50360320.0,0.012202028038901492,660777.0
2026-06-02 23:44:27.042248,49967104.0,0.006110113160474159,661895.0
2026-06-02 23:44:37.392451,50307072.0,0.003739372655732681,663013.0
2026-06-02 23:44:47.455237,48447488.0,0.0057461309101234015,664131.0
2026-06-02 23:44:57.501809,48234496.0,0.005960335420942112,665249.0
2026-06-02 23:45:07.541996,49111040.0,0.12005001751927055,666367.0
2026-06-02 23:45:17.684491,49573888.0,0.11875325365661261,667485.0
2026-06-02 23:45:27.716985,50810880.0,0.13354754792133433,668603.0
2026-06-02 23:45:37.754167,50503680.0,0.1382483983531196,669721.0
2026-06-02 23:45:47.782919,50708480.0,0.13905435908821753,670839.0
2026-06-02 23:45:57.853270,49451008.0,0.13738278817625718,671957.0
2026-06-02 23:46:07.886500,49541120.0,0.01641594495412884,673075.0
2026-06-02 23:46:19.653799,50483200.0,0.01826608497865275,674193.0
2026-06-02 23:46:29.697657,50487296.0,0.027398200286071615,675311.0
2026-06-02 23:46:39.729366,50503680.0,0.024780846259207914,676429.0
2026-06-02 23:46:49.762954,51404800.0,0.02537896321555585,677547.0
2026-06-02 23:46:59.797049,50540544.0,0.025277985007062076,678665.0
2026-06-02 23:47:09.826926,50388992.0,0.04556978671475128,679783.0
2026-06-02 23:47:19.855351,47878144.0,0.025569969742813427,680901.0
2026-06-02 23:47:29.890604,48603136.0,0.02561214970168137,682019.0
2026-06-02 23:47:39.930145,48205824.0,0.024217513972001656,683137.0
2026-06-02 23:47:49.960465,48857088.0,0.02478920612190157,684255.0
2026-06-02 23:48:00.000027,50409472.0,0.003092056737588859,685373.0
2026-06-02 23:48:10.050805,51138560.0,0.007305040318910859,686491.0
2026-06-02 23:48:20.086893,51511296.0,0.008634481657560313,687609.0
2026-06-02 23:48:30.128937,51613696.0,0.008647287850632361,688727.0
2026-06-02 23:48:40.161370,49311744.0,0.008209192808857284,689845.0
2026-06-02 23:48:50.194216,49176576.0,0.00846268342343652,690963.0
2026-06-02 23:49:00.224787,48205824.0,0.00858155674983113,692081.0
2026-06-03 01:03:55.713554,0.0,0.0026749722843170862,693199.0
2026-06-03 01:04:05.850749,49176576.0,0.0046711485061750385,694589.0
2026-06-03 01:04:15.993729,50597888.0,0.009416383165449153,695707.0
2026-06-03 01:04:26.070303,49553408.0,0.010117761400629748,696825.0
2026-06-03 01:04:36.110234,48570368.0,0.013243539602719437,697943.0
2026-06-03 01:04:46.155230,49188864.0,0.014825272268908484,699061.0
2026-06-03 01:04:59.728399,47284224.0,0.07276020546093555,700738.0
2026-06-03 01:05:09.802238,50663424.0,0.07930550700104905,701856.0
2026-06-03 01:05:19.858920,50417664.0,0.07906402145763974,702974.0
2026-06-03 01:05:29.895148,50163712.0,0.12664891649760404,703533.0
2026-06-03 01:05:39.988800,49668096.0,0.1307779835839327,705078.0
2026-06-03 01:05:50.087386,50094080.0,0.12773314980907602,706064.0
2026-06-03 01:06:00.158260,50147328.0,0.0591083974336252,707050.0
2026-06-03 01:06:10.209666,48558080.0,0.1399050904876521,708102.0
2026-06-03 01:06:20.286131,48553984.0,0.08926996846162374,709088.0
2026-06-03 01:06:30.456666,49274880.0,0.08976127417852452,710206.0
2026-06-03 01:06:40.493538,49328128.0,0.1061002371362974,711324.0
2026-06-03 01:06:50.525076,49328128.0,0.10925354877405935,712376.0
2026-06-03 01:07:00.597969,49799168.0,0.10318658982802763,713362.0
2026-06-03 01:07:10.644706,50790400.0,0.02836387056695511,714348.0
2026-06-03 01:07:20.710587,51068928.0,0.03636761005142417,715334.0
2026-06-03 01:07:30.770875,51200000.0,0.032178160388686296,716386.0
2026-06-03 01:07:40.811228,50176000.0,0.04635494856457208,717438.0
2026-06-03 01:07:50.878816,51146752.0,0.05147112762858025,718490.0
2026-06-03 01:08:03.506210,50216960.0,0.050627621529337155,719542.0
2026-06-03 01:08:13.827422,48476160.0,0.046028312109502215,720594.0
2026-06-03 01:08:23.865508,49262592.0,0.04557531132967025,721646.0
2026-06-03 01:08:33.898909,50098176.0,0.042118042790188936,722632.0
2026-06-03 01:08:43.931222,51490816.0,0.007926260508318912,723618.0
2026-06-03 01:08:53.963533,49885184.0,0.007003998212134664,724604.0
2026-06-03 01:09:10.095865,50556928.0,0.0028921141351877845,726576.0
2026-06-03 01:09:20.181113,50782208.0,0.02411301870251252,727628.0
2026-06-03 01:09:30.227368,51691520.0,0.02353912809954328,728614.0
2026-06-03 01:09:40.309016,51707904.0,0.023298736807568037,729600.0
2026-06-03 01:09:50.356224,50556928.0,0.02630005972958812,730586.0
2026-06-03 01:10:03.795967,49303552.0,0.04317358544723933,732065.0
2026-06-03 01:10:13.874907,48029696.0,0.16180904233198456,732624.0
2026-06-03 01:10:23.913310,47910912.0,0.1622070965760548,733676.0
2026-06-03 01:10:33.946261,49909760.0,0.17030183030278806,734662.0
2026-06-03 01:10:43.990175,49684480.0,0.15580722013769974,736141.0
2026-06-03 01:10:54.026884,51163136.0,0.1338474969594218,737193.0
2026-06-03 01:11:04.097265,52473856.0,0.006324411134903723,738179.0
2026-06-03 01:11:14.133034,52584448.0,0.006605969985959472,739297.0
2026-06-03 01:11:24.175671,52146176.0,0.08792225731503686,740349.0
2026-06-03 01:11:34.336379,51933184.0,0.08842779454009984,741335.0
2026-06-03 01:11:44.375857,50966528.0,0.08784616378912419,742387.0
2026-06-03 01:11:54.426942,50421760.0,0.08647136066014838,743373.0
2026-06-03 01:12:04.472454,50626560.0,0.0867473695609024,744359.0
2026-06-03 01:12:14.503351,52756480.0,0.0863635698992121,745345.0
2026-06-03 01:12:24.636418,51666944.0,0.009313900357831173,746331.0
2026-06-03 01:12:34.675693,51998720.0,0.014316253553258365,747317.0
2026-06-03 01:12:44.709290,52174848.0,0.014638301459156849,748303.0
2026-06-03 01:12:54.744940,50642944.0,0.013131587438159259,749289.0
2026-06-03 01:13:04.778371,49029120.0,0.013442708715764678,750275.0
2026-06-03 01:13:14.843973,49487872.0,0.009291126036272027,751261.0
2026-06-03 01:13:25.430607,49106944.0,0.004220868489962616,752247.0
2026-06-03 01:13:35.465222,49168384.0,0.010993820693573192,753299.0
2026-06-03 01:13:45.498005,49655808.0,0.011326062145644501,754285.0
2026-06-03 01:13:55.534650,49876992.0,0.011359976306387914,755271.0
2026-06-03 01:14:05.566772,49909760.0,0.011031278534725051,756257.0
2026-06-03 01:14:16.575293,50515968.0,0.010422480414522416,757670.0
2026-06-03 01:14:26.608490,50397184.0,0.07609054837353031,758295.0
2026-06-03 01:14:36.640567,50667520.0,0.07141482343105415,759281.0
2026-06-03 01:14:46.669484,50716672.0,0.06990164609053542,760267.0
2026-06-03 01:14:56.739720,50368512.0,0.07128415941662813,761385.0
2026-06-03 01:15:08.133309,50630656.0,0.06943798840836664,761878.0
2026-06-03 01:15:24.279168,50876416.0,0.056840971668719965,764487.0
2026-06-03 01:15:34.371657,51150848.0,0.17708853008710868,765605.0
2026-06-03 01:15:44.447145,50728960.0,0.18035492405320863,766723.0
2026-06-03 01:15:54.956908,51220480.0,0.1749063893283475,767841.0
2026-06-03 01:16:05.024708,50958336.0,0.15129509109857273,768959.0
2026-06-03 01:16:15.071058,50417664.0,0.14701188940609033,770077.0
2026-06-03 01:16:25.132334,50483200.0,0.08091802335615216,771195.0
2026-06-03 01:16:35.231229,49844224.0,0.01456756806850367,772313.0
2026-06-03 01:16:45.298598,50155520.0,0.015553044288710025,773431.0
2026-06-03 01:16:55.445877,50380800.0,0.012188635949736291,774549.0
2026-06-03 01:17:12.481689,49807360.0,0.14371361148856082,776653.0
2026-06-03 01:17:22.976926,49930240.0,0.24505984474241285,777344.0
2026-06-03 01:17:34.422870,50294784.0,0.2532653024447866,778462.0
2026-06-03 01:17:52.581872,50454528.0,0.24912652960181475,780698.0
2026-06-03 01:18:02.786588,48353280.0,0.27329684312594205,782243.0
2026-06-03 01:18:13.038216,49143808.0,0.21841782691242803,782934.0
2026-06-03 01:18:23.275992,49422336.0,0.194164649167861,784052.0
2026-06-03 01:18:33.816622,50241536.0,0.17393219621697256,785729.0
2026-06-03 01:18:44.366261,50118656.0,0.18822015678713724,786847.0
2026-06-03 01:18:55.038784,49311744.0,0.05269256927263348,787965.0
2026-06-03 01:19:05.836606,50225152.0,0.06110932363689782,789083.0
2026-06-03 01:19:16.198316,49389568.0,0.2022955815227311,790201.0
2026-06-03 01:19:26.429779,50847744.0,0.23238048579816398,791319.0
2026-06-03 01:19:36.702610,51523584.0,0.22096020640517078,792437.0
2026-06-03 01:19:47.085086,49704960.0,0.20942294003938297,793555.0
2026-06-03 01:19:57.176212,50814976.0,0.21073743901527184,794673.0
2026-06-03 01:20:07.621253,50827264.0,0.194264014711576,795791.0
2026-06-03 01:20:18.470593,49934336.0,0.1489655349489447,796909.0
2026-06-03 01:20:29.229997,48709632.0,0.14736845771691567,798586.0
2026-06-03 01:20:40.274938,48472064.0,0.3364015494679324,799704.0
2026-06-03 01:20:50.684415,49127424.0,0.3320959545422058,800822.0
2026-06-03 01:21:01.846515,47820800.0,0.2535738795390931,801940.0
2026-06-03 01:21:12.013641,47820800.0,0.23962280737146055,802926.0
2026-06-03 01:21:22.475997,49496064.0,0.6269411775408466,804304.0
2026-06-03 01:21:33.816916,50888704.0,0.45029461264062964,805981.0
2026-06-03 01:21:46.778769,49815552.0,0.4393369576527933,807099.0
2026-06-03 01:21:57.819657,50843648.0,0.5255880435983354,808217.0
2026-06-03 01:22:08.033324,51097600.0,0.23069638817380542,809335.0
2026-06-03 01:22:18.144564,50991104.0,0.14870194878859008,810453.0
2026-06-03 01:22:33.106748,51453952.0,0.12412243648071654,812984.0
2026-06-03 01:22:43.224972,51027968.0,0.14512443621609913,814234.0
2026-06-03 01:22:53.304396,50855936.0,0.1143559263057647,815352.0
2026-06-03 01:23:03.350733,51269632.0,0.11275619804445672,816470.0
2026-06-03 01:23:13.379413,51240960.0,0.1076795473414432,817588.0
2026-06-03 01:23:24.125537,49324032.0,0.10507552805352811,818706.0
2026-06-03 01:23:34.255031,49565696.0,0.01768424534195678,819824.0
2026-06-03 01:23:44.281689,50909184.0,0.01603218495013649,820942.0
2026-06-03 01:23:54.304516,51638272.0,0.013480811511305911,822060.0
2026-06-03 01:24:04.328821,52133888.0,0.012585102339974457,823178.0
2026-06-03 01:24:14.360945,51900416.0,0.012924809443629184,824296.0
2026-06-03 01:24:24.392628,51920896.0,0.003931083501023853,825414.0
2026-06-03 01:24:34.424799,50683904.0,0.0052368167202573755,826532.0
2026-06-03 01:24:44.457072,50434048.0,0.005330003645643025,827650.0
2026-06-03 01:24:54.500640,50495488.0,0.005731271225333594,828768.0
2026-06-03 01:25:04.540925,52105216.0,0.006463218657022246,829886.0
2026-06-03 01:25:14.574494,51732480.0,0.0059381951653569,831004.0
2026-06-03 01:25:24.612671,52051968.0,0.004869470124428249,832122.0
2026-06-03 01:25:34.644733,52498432.0,0.004828104863949095,833240.0
2026-06-03 01:25:44.679428,52174848.0,0.004208792596467275,834358.0
2026-06-03 01:25:54.717991,50651136.0,0.0037169730501515376,835476.0
2026-06-03 01:26:04.748712,51445760.0,0.029797480459770646,836594.0
2026-06-03 01:26:15.771923,51814400.0,0.02986842786842788,837712.0
2026-06-03 01:26:26.503184,51142656.0,0.02962146405851867,838830.0
2026-06-03 01:26:36.574192,50786304.0,0.030726076576494992,839948.0
2026-06-03 01:26:46.639243,50597888.0,0.03155126922027123,841066.0
2026-06-03 01:26:56.707820,51064832.0,0.03128974596766824,842184.0
2026-06-03 01:27:06.771436,51630080.0,0.006542438651145288,843302.0
2026-06-03 01:27:16.844995,51613696.0,0.005957793436536383,844420.0
2026-06-03 01:27:26.899062,51609600.0,0.005043463250658243,845538.0
2026-06-03 01:27:36.956829,50995200.0,0.0049292277644396075,846656.0
2026-06-03 01:27:47.025828,51286016.0,0.0051072777546852625,847774.0
2026-06-03 01:27:57.089822,51699712.0,0.005239975651433169,848892.0
2026-06-03 01:28:07.139887,52031488.0,0.005834118499727917,850010.0
2026-06-03 01:28:17.210356,50597888.0,0.006042294921343496,851128.0
2026-06-03 01:28:27.415972,51572736.0,0.005327879269262057,852246.0
2026-06-03 01:28:37.737637,51445760.0,0.00649365759069217,853364.0
2026-06-03 01:28:47.795876,51912704.0,0.005774247426684144,854482.0
2026-06-03 01:28:57.866189,51404800.0,0.005499255665215636,855600.0
2026-06-03 01:29:08.495700,50864128.0,0.006563561920564767,857277.0
2026-06-03 01:29:18.666014,52948992.0,0.007732901629801777,858395.0
2026-06-03 01:29:28.892509,51208192.0,0.007342887665676672,859513.0
2026-06-03 01:29:39.200671,49811456.0,0.0155232057372051,860631.0
2026-06-03 01:29:49.292804,51240960.0,0.016343067819753473,861749.0
2026-06-03 01:29:59.369768,50331648.0,0.01410519773409348,862867.0
2026-06-03 01:30:09.442991,51535872.0,0.015413271719039199,863985.0
2026-06-03 01:30:19.498325,51081216.0,0.014965193052964598,865103.0
2026-06-03 01:30:29.550814,51085312.0,0.009173608972152612,866221.0
2026-06-03 01:30:39.629419,49762304.0,0.007924688297222444,867339.0
2026-06-03 01:30:49.692893,51576832.0,0.007346451801505463,868457.0
2026-06-03 01:30:59.749360,50274304.0,0.005670104213864504,869575.0
2026-06-03 01:31:09.817445,50241536.0,0.006154478875313523,870693.0
2026-06-03 01:31:19.909476,50946048.0,0.0059172075580557005,871811.0
2026-06-03 01:31:29.979662,50675712.0,0.006584207501077791,872929.0
2026-06-03 01:31:40.045127,50790400.0,0.007863724998607774,874047.0
2026-06-03 01:31:50.132133,50016256.0,0.008079697118265294,875165.0
2026-06-03 01:32:00.203436,50429952.0,0.007613720258762064,876283.0
2026-06-03 01:32:10.286116,51937280.0,0.008725462515788533,877401.0
2026-06-03 01:32:20.358025,51228672.0,0.009204853221848086,878519.0
2026-06-03 01:32:30.428213,51597312.0,0.0073929302358976086,879637.0
2026-06-03 01:32:40.494460,51408896.0,0.008342259041509932,880755.0
2026-06-03 01:32:50.605971,51179520.0,0.00904989792352543,881873.0
2026-06-03 01:33:00.692620,52547584.0,0.008128513910551905,882991.0
2026-06-03 01:33:10.848493,51347456.0,0.014393436054347074,884109.0
2026-06-03 01:33:21.017169,51961856.0,0.014235820142068964,885227.0
2026-06-03 01:33:31.209230,52383744.0,0.013153886116110416,886345.0
2026-06-03 01:33:41.341693,52072448.0,0.015566971598961568,887463.0
2026-06-03 01:33:51.534861,51318784.0,0.015994311990988216,888581.0
2026-06-03 01:34:01.655327,51798016.0,0.009610976027088988,889699.0
2026-06-03 01:34:11.757401,51908608.0,0.010418317605724548,890817.0
2026-06-03 01:34:21.901850,51851264.0,0.01039634551494977,891935.0
2026-06-03 01:34:32.016728,52350976.0,0.0068371999966794035,893053.0
2026-06-03 01:34:42.126029,51724288.0,0.007491883540341815,894171.0
2026-06-03 01:34:52.280584,52432896.0,0.006860292512551306,895289.0
2026-06-03 01:35:02.380901,52047872.0,0.005423317400069133,896407.0
2026-06-03 01:35:12.489009,52080640.0,0.006656807548965511,897525.0
2026-06-03 01:35:22.595154,52350976.0,0.006352166022253009,898643.0
2026-06-03 01:35:32.670364,52383744.0,0.005467040424904144,899761.0
2026-06-03 01:35:42.727464,51228672.0,0.006426785355242366,900879.0
2026-06-03 01:35:52.770669,50298880.0,0.006561934620892843,901997.0
2026-06-03 01:36:02.821301,49999872.0,0.005746211745079419,903115.0
2026-06-03 01:36:12.853238,49971200.0,0.0058514631845086994,904233.0
2026-06-03 01:36:22.900054,50786304.0,0.005895098019543536,905351.0
2026-06-03 01:36:32.940700,51367936.0,0.03488030143282806,906469.0
2026-06-03 01:36:42.974093,51232768.0,0.036546773842285184,907587.0
2026-06-03 01:36:53.020649,51740672.0,0.03506255562850249,908705.0
2026-06-03 01:37:03.064190,51843072.0,0.033217638403532194,910382.0
2026-06-03 01:37:13.116360,51851264.0,0.033919820362560846,911500.0
2026-06-03 01:37:23.156000,51314688.0,0.004561412205331362,912618.0
2026-06-03 01:37:33.219046,51695616.0,0.00369032749981867,913736.0
2026-06-03 01:37:43.279105,51884032.0,0.004684711742729689,914854.0
2026-06-03 01:37:53.320455,49819648.0,0.004907943483945469,915972.0
2026-06-03 01:38:03.370496,50900992.0,0.0038739835935814987,917090.0
2026-06-03 01:38:14.411015,51564544.0,0.004736118223718305,918208.0
2026-06-03 01:38:24.618738,51613696.0,0.005565704097200768,919326.0
2026-06-03 01:38:34.668226,51617792.0,0.03316375939581104,920444.0
2026-06-03 01:38:44.700428,51793920.0,0.03417502205101446,921562.0
2026-06-03 01:38:54.730094,51273728.0,0.03410232423744438,922680.0
2026-06-03 01:39:04.761341,51499008.0,0.03326881623041325,923798.0
2026-06-03 01:39:14.800680,51507200.0,0.03364913413127216,924916.0
2026-06-03 01:39:24.845399,51236864.0,0.03305807409016025,926034.0
2026-06-03 01:39:34.889337,50647040.0,0.0032693462186106858,927152.0
2026-06-03 01:39:44.946031,49324032.0,0.004223049144868754,928270.0
2026-06-03 01:39:55.073053,49594368.0,0.004160244111896903,929388.0
2026-06-03 01:40:05.193028,49594368.0,0.003864809696707061,930506.0
2026-06-03 01:40:15.246040,50225152.0,0.0045549807549705,931624.0
2026-06-03 01:40:25.289890,51900416.0,0.004661728666008919,932742.0
2026-06-03 01:40:35.332003,51732480.0,0.003976254119370818,933860.0
2026-06-03 01:40:45.384692,52154368.0,0.005030779020089386,934978.0
2026-06-03 01:40:55.435178,51568640.0,0.005332711093390261,936096.0
2026-06-03 01:41:05.486655,51576832.0,0.004637643766920612,937214.0
2026-06-03 01:41:15.530869,51949568.0,0.007610169184508558,938332.0
2026-06-03 01:41:25.601226,52359168.0,0.02325577385210864,939450.0
2026-06-03 01:41:35.642337,52060160.0,0.023554713414746697,940568.0
2026-06-03 01:41:45.705079,50814976.0,0.026833268327111175,941686.0
2026-06-03 01:41:55.856959,51343360.0,0.03468773649500858,942804.0
2026-06-03 01:42:05.901124,52006912.0,0.03288028722296244,943922.0
2026-06-03 01:42:15.948673,52269056.0,0.033399423347141785,945040.0
2026-06-03 01:42:29.576067,52072448.0,0.016557508672794187,946717.0
2026-06-03 01:42:40.097424,51986432.0,0.014406077147016296,947835.0
2026-06-03 01:42:50.155718,52039680.0,0.005448573324485533,948953.0
2026-06-03 01:43:00.244334,51355648.0,0.00493863543170938,950071.0
2026-06-03 01:43:10.301820,51863552.0,0.024114002078629664,951189.0
2026-06-03 01:43:20.352508,50786304.0,0.024124329560334824,952307.0
2026-06-03 01:43:30.390624,50466816.0,0.029463213119433902,953425.0
2026-06-03 01:43:40.438817,49561600.0,0.029370329376060725,954543.0
2026-06-03 01:43:50.487543,50507776.0,0.030675096948238046,955661.0
2026-06-03 01:44:00.565806,50929664.0,0.030011627482476762,956779.0
2026-06-03 01:44:10.631892,51261440.0,0.009942025123038193,957897.0
2026-06-03 01:44:20.686941,51793920.0,0.0044785010212236645,959015.0
2026-06-03 01:44:30.744340,51335168.0,0.004581815891751788,960133.0
2026-06-03 01:44:40.800311,51445760.0,0.0038601747815233773,961251.0
2026-06-03 01:44:50.856379,51490816.0,0.006987501824551119,962369.0
2026-06-03 01:45:00.900661,51400704.0,0.01001409312589244,963487.0
2026-06-03 01:45:11.630120,51564544.0,0.011509951155500528,964605.0
2026-06-03 01:45:22.439680,53207040.0,0.011933463058197218,965723.0
2026-06-03 01:45:32.484363,51900416.0,0.011324398537941932,966841.0
2026-06-03 01:45:42.538340,51048448.0,0.008547097864862737,967959.0
2026-06-03 01:45:52.591951,50692096.0,0.0058387506652469645,969077.0
2026-06-03 01:46:02.647429,52711424.0,0.00581625142177143,970195.0
2026-06-03 01:46:12.695286,53096448.0,0.00537709203903991,971313.0
2026-06-03 01:46:22.724560,52404224.0,0.012346486338410442,972431.0
2026-06-03 01:46:32.768777,53207040.0,0.03478168642081103,973549.0
2026-06-03 01:46:42.814825,50413568.0,0.03529482166276285,974667.0
2026-06-03 01:46:52.862105,50647040.0,0.03446836795252184,975785.0
2026-06-03 01:47:02.908982,50839552.0,0.03604026476538328,976903.0
2026-06-03 01:47:12.956987,50098176.0,0.02689008589314319,978580.0
2026-06-03 01:47:23.008220,50536448.0,0.005438760768366425,979698.0
2026-06-03 01:47:33.063923,50573312.0,0.004877802791535724,980816.0
2026-06-03 01:47:43.106592,50585600.0,0.010586251907415046,981934.0
2026-06-03 01:47:53.160047,51200000.0,0.009303476201666602,983052.0
2026-06-03 01:48:03.213251,51507200.0,0.01127514122260972,984170.0
2026-06-03 01:48:13.273512,51793920.0,0.011210705507510174,985288.0
2026-06-03 01:48:23.313625,52400128.0,0.011045869284056794,986406.0
2026-06-03 01:48:33.363207,52445184.0,0.011156905776729967,987524.0
2026-06-03 01:48:43.416082,50323456.0,0.0056237125531730025,988642.0
2026-06-03 01:48:53.472878,51027968.0,0.008791334194370145,989760.0
2026-06-03 01:49:03.534718,51109888.0,0.006930850584652999,990878.0
2026-06-03 01:49:13.580963,50655232.0,0.007461786178251626,991996.0
2026-06-03 01:49:23.633149,49459200.0,0.007468572243719495,993114.0
2026-06-03 01:49:33.682159,49459200.0,0.011621656703047647,994232.0
2026-06-03 01:49:43.742634,49950720.0,0.012255731953965983,995350.0
2026-06-03 01:49:53.782144,49938432.0,0.00909861064046104,996468.0
2026-06-03 01:50:03.822365,50937856.0,0.008372134038800967,997586.0
2026-06-03 01:50:13.864887,51470336.0,0.009004382153357002,998704.0
2026-06-03 01:50:23.899696,50946048.0,0.004146649833497961,999822.0
2026-06-03 01:50:33.942028,51822592.0,0.004014203134973995,1000940.0
2026-06-03 01:50:43.984278,52232192.0,0.003975715951322467,1002058.0
2026-06-03 01:50:54.026695,53370880.0,0.0038623095770747335,1003176.0
2026-06-03 01:51:04.070129,53559296.0,0.0038285616351860794,1004294.0
2026-06-03 01:51:14.132833,53592064.0,0.007563408921730564,1005412.0
2026-06-03 01:51:24.179412,53743616.0,0.007651061906913619,1006530.0
2026-06-03 01:51:34.227553,53743616.0,0.008357210388743347,1007648.0
2026-06-03 01:51:44.268572,52535296.0,0.008083046692038083,1008766.0
2026-06-03 01:51:54.312253,52543488.0,0.007843134438240027,1009884.0
2026-06-03 01:52:04.346871,52883456.0,0.007864949411891703,1011002.0
2026-06-03 01:52:14.394396,53161984.0,0.004050957033378254,1012120.0
2026-06-03 01:52:24.435271,52015104.0,0.0035423106542255603,1013238.0
2026-06-03 01:52:34.475812,50892800.0,0.003638009538377947,1014356.0
2026-06-03 01:52:44.523544,51195904.0,0.00379490311172645,1015474.0
2026-06-03 01:52:54.574833,44658688.0,0.003982743225759834,1016592.0
2026-06-03 01:53:04.614100,45273088.0,0.006283993115318099,1017710.0
2026-06-03 01:53:14.652904,45879296.0,0.007457151305697956,1018828.0
2026-06-03 01:53:24.690497,46084096.0,0.007367375214205149,1019946.0
2026-06-03 01:53:34.731975,46850048.0,0.007407598584613527,1021064.0
2026-06-03 01:53:53.128766,46104576.0,0.007466392763181272,1023300.0
2026-06-03 01:54:03.165702,46456832.0,0.005129675582965388,1024418.0
2026-06-03 01:54:13.353707,45957120.0,0.003506614801358735,1024977.0
2026-06-03 01:54:23.587958,47407104.0,0.004277304286809483,1026095.0
2026-06-03 01:54:33.650586,46362624.0,0.00474066937705936,1027213.0
2026-06-03 01:54:46.085798,46100480.0,0.003794302487487754,1027772.0
2026-06-03 03:03:42.115855,46362624.0,0.0032391234986117786,1028331.0
2026-06-03 03:03:52.236673,44785664.0,0.0,1029449.0
2026-06-03 03:04:02.306172,44183552.0,0.002788743697696758,1030839.0
2026-06-03 07:10:25.356043,0.0,0.0,0.0
2026-06-03 07:10:36.084233,44539904.0,0.0,1032788.0
2026-06-03 07:10:46.194581,45367296.0,0.01229484767341862,1034178.0
2026-06-03 07:10:57.817186,45875200.0,0.011058322903488852,1035855.0
2026-06-03 07:11:08.376904,45522944.0,0.019407894228408547,1036973.0
2026-06-03 07:11:18.432488,46387200.0,0.019794023629873845,1038091.0
2026-06-03 07:11:28.481654,46223360.0,0.020132582774311056,1039209.0
2026-06-03 07:11:38.549418,45944832.0,0.014213609964568967,1040327.0
2026-06-03 07:11:48.588341,48828416.0,0.01322393030079355,1041445.0
2026-06-03 07:11:58.630930,47902720.0,0.010491543452824404,1042563.0
2026-06-03 07:12:08.668623,46583808.0,0.005130166585973629,1043681.0
2026-06-03 07:12:18.704630,48246784.0,0.004915529168053725,1044799.0
2026-06-03 07:12:28.738082,47460352.0,0.006326299385828695,1045917.0
2026-06-03 07:12:38.776489,47169536.0,0.005742973124806871,1047035.0
2026-06-03 07:12:48.810772,46956544.0,0.005026244164459191,1048153.0
2026-06-03 07:12:58.846354,46837760.0,0.00494969474538636,1049271.0
2026-06-03 07:13:08.878488,45826048.0,0.005006546112115627,1050389.0
2026-06-03 07:13:18.918374,46673920.0,0.00368596056887742,1051507.0
2026-06-03 07:13:28.949707,47128576.0,0.003970671270071824,1052625.0
2026-06-03 07:13:38.985188,48025600.0,0.003966971609405676,1053743.0
2026-06-03 07:13:49.015207,49020928.0,0.003766462296479256,1054861.0
2026-06-03 07:13:59.044325,48312320.0,0.003824246941409892,1055979.0
2026-06-03 07:14:09.076184,47865856.0,0.0036034238848202936,1057097.0
2026-06-03 07:14:19.113792,47865856.0,0.003620442404903743,1058215.0
2026-06-03 07:14:29.149621,48324608.0,0.0038165309144759076,1059333.0
2026-06-03 07:14:39.184818,48160768.0,0.003454510696404759,1060451.0
2026-06-03 07:14:49.218539,46362624.0,0.0036032322023117945,1061569.0
2026-06-03 07:14:59.254189,47116288.0,0.0037217554374803286,1062687.0
2026-06-03 07:15:09.287641,45555712.0,0.0033575779682657476,1063805.0
2026-06-03 07:15:19.319759,47009792.0,0.003398892271577354,1064923.0
2026-06-03 07:15:29.352966,46481408.0,0.0034367240291917536,1066041.0
2026-06-03 07:15:39.386510,47087616.0,0.003537371700879511,1067159.0
2026-06-03 07:15:49.423458,48095232.0,0.0033972302552408547,1068277.0
2026-06-03 07:15:59.484949,48451584.0,0.003414497800587053,1069395.0
2026-06-03 11:30:35.279673,0.0,0.0,0.0
2026-06-03 11:30:45.450690,48508928.0,0.0027283911232955926,1071903.0
2026-06-03 11:30:55.732879,47071232.0,0.007149826494175897,1073021.0
2026-06-03 11:31:05.802516,46403584.0,0.008842539996223819,1074139.0
2026-06-03 11:31:15.861251,45072384.0,0.010316692699811168,1075257.0
2026-06-03 11:31:25.916005,44892160.0,0.011385467107575991,1076375.0
2026-06-03 11:31:35.954326,45514752.0,0.0130763173280711,1077493.0
2026-06-03 11:31:46.003460,45957120.0,0.00972805329654424,1078611.0
2026-06-03 11:31:56.046268,46522368.0,0.008025228185468889,1079729.0
2026-06-03 11:32:06.106290,45371392.0,0.00698949676611002,1080847.0
2026-06-03 11:32:16.156887,45662208.0,0.005168504846658258,1081965.0
2026-06-03 11:32:26.211044,45658112.0,0.004779778245213197,1083083.0
2026-06-03 11:32:36.263078,44953600.0,0.003954753115748532,1084201.0
2026-06-03 11:32:46.297911,44818432.0,0.004079679501446966,1085319.0
2026-06-03 11:32:56.335033,44380160.0,0.004026154533274019,1086437.0
2026-06-03 11:33:06.376885,45481984.0,0.0038274069193921945,1087555.0
2026-06-03 11:33:16.410732,45998080.0,0.003979583049266117,1088673.0
2026-06-03 11:33:26.449843,46333952.0,0.0039701681431925945,1089791.0
2026-06-03 11:33:36.486212,47476736.0,0.004092545699868195,1090909.0
2026-06-03 11:33:46.520067,47964160.0,0.003848511540950805,1092027.0
2026-06-03 11:33:56.552458,47996928.0,0.004006262209483371,1093145.0
2026-06-03 11:34:06.586408,47222784.0,0.003932861029452243,1094263.0
2026-06-03 11:34:16.620547,47841280.0,0.003910924551027549,1095381.0
2026-06-03 11:34:26.653363,48107520.0,0.0037675256705127233,1096499.0
2026-06-03 11:34:36.687360,46411776.0,0.003461785063751915,1097617.0
2026-06-03 11:34:46.724966,48513024.0,0.0036835110321331347,1098735.0
2026-06-03 11:34:56.757877,48680960.0,0.0034192569581162863,1099853.0
2026-06-03 11:35:06.794986,45764608.0,0.002969473790875989,1100971.0
2026-06-03 11:35:16.827045,47394816.0,0.0034473762449826577,1102089.0
2026-06-03 11:35:26.861859,48087040.0,0.003582411698454709,1103207.0
2026-06-03 11:35:36.891341,47267840.0,0.003587025433100125,1104325.0
2026-06-03 11:35:46.924536,47480832.0,0.0033335647768670293,1105443.0
2026-06-03 11:35:56.961991,47796224.0,0.003506377339737463,1106561.0
2026-06-03 11:36:07.000499,48484352.0,0.003235633229067603,1107679.0
2026-06-03 11:36:17.041314,46669824.0,0.003746578444694591,1108797.0
2026-06-03 11:36:27.080493,46206976.0,0.00368183153950633,1109915.0
2026-06-03 11:36:37.113040,47063040.0,0.0038268873931229766,1111033.0
2026-06-03 11:36:47.145822,46264320.0,0.0039004249932178066,1112151.0
2026-06-03 16:08:00.135256,0.0,0.0,0.0
2026-06-03 16:46:30.419331,45723648.0,0.0,1113269.0
2026-06-03 16:46:41.569719,46555136.0,0.0,1114659.0
2026-06-03 16:46:51.998381,46903296.0,0.0037270500000005317,1116049.0
2026-06-03 16:47:02.310003,47210496.0,0.011421708333333669,1117167.0
2026-06-03 16:47:12.535350,45379584.0,0.013089416666667197,1118285.0
2026-06-03 16:47:22.676380,46227456.0,0.016253660994339603,1119403.0
2026-06-03 16:47:32.757333,46276608.0,0.01611707679483903,1121080.0
2026-06-03 16:47:42.959201,45780992.0,0.01551891166204235,1122198.0
2026-06-03 16:47:53.077498,45621248.0,0.009167282909142824,1123316.0
2026-06-03 16:48:03.184529,45936640.0,0.007757592220350937,1124434.0
2026-06-03 16:48:13.296217,46465024.0,0.007919575945895959,1125552.0
2026-06-03 16:48:23.442192,46493696.0,0.007612292455577619,1126670.0
2026-06-03 16:48:33.509662,46751744.0,0.0074555865772762756,1127788.0
2026-06-03 16:48:43.581393,47898624.0,0.006999125562138536,1128906.0
2026-06-03 16:48:53.663909,48091136.0,0.0074839098733619795,1130024.0
2026-06-03 16:49:03.737190,46583808.0,0.007686423505572575,1131142.0
2026-06-03 16:49:13.812311,47513600.0,0.007438520987473883,1132260.0
2026-06-03 16:49:23.891507,45162496.0,0.00789427320945092,1133378.0
2026-06-03 16:49:33.971703,46551040.0,0.008714759774923716,1134496.0
2026-06-03 16:49:44.049483,47185920.0,0.007876619119341169,1135614.0
2026-06-03 16:49:54.119855,47190016.0,0.0075742870159453074,1136732.0
2026-06-03 16:50:04.182061,46882816.0,0.007265989396017423,1137850.0
2026-06-03 16:50:14.246576,47091712.0,0.006969964141806443,1138968.0
2026-06-03 16:50:24.319683,47353856.0,0.007058898220537815,1140086.0
2026-06-03 16:50:34.403890,47267840.0,0.006646672831382823,1141204.0
2026-06-03 16:50:44.507161,46002176.0,0.006917092403376519,1142322.0
2026-06-03 16:50:54.577913,45985792.0,0.008574828692229678,1143440.0
2026-06-03 16:51:04.641684,46272512.0,0.00829321010248932,1144558.0
2026-06-03 16:51:14.713904,45371392.0,0.008761543913209721,1145676.0
2026-06-03 16:51:24.785217,45948928.0,0.008490557094940404,1146794.0
2026-06-03 16:51:34.854457,45887488.0,0.009272652614289056,1147912.0
2026-06-03 16:51:44.935206,46411776.0,0.007548374139599428,1149030.0
2026-06-03 16:51:55.021948,46141440.0,0.00768817164524184,1150148.0
2026-06-03 16:52:05.089558,47083520.0,0.008128872660885831,1151266.0
2026-06-03 16:52:15.166609,46714880.0,0.008140128089846353,1152384.0
2026-06-03 16:52:25.234513,46964736.0,0.007510848953395021,1153502.0
2026-06-03 16:52:35.307209,47124480.0,0.008167754498576166,1154620.0
2026-06-03 16:52:45.395753,46280704.0,0.009141009197845228,1155738.0
2026-06-03 16:52:55.466864,46690304.0,0.008297687501112063,1156856.0
2026-06-03 16:53:05.542450,47693824.0,0.00850789511545931,1157974.0
2026-06-03 16:53:15.629339,47165440.0,0.008519920209358881,1159092.0
2026-06-03 16:53:25.731012,47042560.0,0.007739014990871837,1160210.0
2026-06-03 16:53:35.810052,46465024.0,0.0077224703330359065,1161328.0
2026-06-03 16:53:45.896816,46858240.0,0.0071443819706882425,1162446.0
2026-06-03 16:53:55.965917,46714880.0,0.008126158232359142,1163564.0
2026-06-03 16:54:06.034713,46977024.0,0.007429678989033446,1164682.0
2026-06-03 16:54:16.112419,47325184.0,0.006916599927193311,1165800.0
2026-06-03 16:54:26.167319,46706688.0,0.006949787874891668,1166918.0
2026-06-03 16:54:36.246269,47120384.0,0.0062976530685149145,1168036.0
2026-06-03 16:54:46.329105,47591424.0,0.012921074207007348,1169154.0
2026-06-03 16:54:56.433169,48009216.0,0.011979910891960077,1170272.0
2026-06-03 16:55:06.546064,48414720.0,0.011861370069077152,1171390.0
2026-06-03 16:55:16.633775,48463872.0,0.012727706395189428,1172508.0
2026-06-03 16:55:26.703915,47898624.0,0.01384536663682844,1173626.0
2026-06-03 16:55:36.790011,48082944.0,0.013558541020038074,1174744.0
2026-06-03 16:55:46.874479,48345088.0,0.007130080762298895,1175862.0
2026-06-03 16:55:56.964747,46149632.0,0.009382672636496175,1176980.0
2026-06-03 16:56:07.078585,47177728.0,0.009046778394068804,1178098.0
2026-06-03 16:56:17.183012,47669248.0,0.01474441667814479,1179216.0
2026-06-03 16:56:27.404970,46489600.0,0.025498875937586554,1180334.0
2026-06-03 16:56:37.553647,45854720.0,0.029817086543384747,1181452.0
2026-06-03 16:56:47.682552,47083520.0,0.04182572562196088,1183129.0
2026-06-03 16:56:57.893650,46604288.0,0.0465178594598602,1184247.0
2026-06-03 16:57:08.105261,46297088.0,0.0415645692938768,1185365.0
2026-06-03 16:57:18.469946,47071232.0,0.048786666666667415,1186483.0
2026-06-03 16:57:28.562171,46637056.0,0.043609454065996915,1187601.0
2026-06-03 16:57:42.726184,46850048.0,0.03870015542543244,1189278.0
2026-06-03 16:57:54.411587,48279552.0,0.04077399252181062,1190396.0
2026-06-03 16:58:04.535629,47542272.0,0.04026266515804068,1191514.0
2026-06-03 16:58:14.668558,47353856.0,0.022877325759073145,1192632.0
2026-06-03 16:58:24.777170,47038464.0,0.02338114739310751,1193750.0
2026-06-03 16:58:34.854624,47558656.0,0.014371856893221346,1194868.0
2026-06-03 16:58:44.964905,46481408.0,0.012218343686795726,1195986.0
2026-06-03 16:58:55.032285,48611328.0,0.009946400999925886,1197104.0
2026-06-03 16:59:05.115435,48861184.0,0.03814163980586136,1198222.0
2026-06-03 16:59:15.328402,47718400.0,0.03553864676580305,1199340.0
2026-06-03 16:59:25.413132,48443392.0,0.03558365136480968,1200458.0
2026-06-03 16:59:35.497514,48496640.0,0.03515374393966628,1201576.0
2026-06-03 16:59:45.577682,48586752.0,0.03428181652712049,1202694.0
2026-06-03 16:59:55.678166,47456256.0,0.006754646639291119,1203812.0
2026-06-03 17:00:05.756665,47030272.0,0.006895296494523689,1204930.0
2026-06-03 17:00:15.845175,46669824.0,0.0066356675893754985,1206048.0
2026-06-03 17:00:25.928974,46505984.0,0.00732059341211991,1207166.0
2026-06-03 17:00:36.013410,45760512.0,0.007334116653508926,1208284.0
2026-06-03 17:00:46.088608,46534656.0,0.006195875476138807,1209402.0
2026-06-03 17:00:56.173079,47296512.0,0.007702030471122713,1210520.0
2026-06-03 17:01:06.244134,46194688.0,0.007528941935955673,1211638.0
2026-06-03 17:01:16.317685,48099328.0,0.006396889369264275,1212756.0
2026-06-03 17:01:26.407306,48087040.0,0.0073719383487992575,1213874.0
2026-06-03 17:01:37.357237,47697920.0,0.0072478132243040845,1214992.0
2026-06-03 17:01:49.110339,47808512.0,0.016956333710449384,1216669.0
2026-06-03 17:02:00.067119,48414720.0,0.03177219931209593,1217787.0
2026-06-03 17:02:11.144476,48627712.0,0.03987882967910531,1218905.0
2026-06-03 17:02:21.571534,49946624.0,0.06411447203595903,1220023.0
2026-06-03 17:02:31.728775,45547520.0,0.06552723544393738,1221141.0
2026-06-03 17:02:43.563417,44843008.0,0.11103562612108565,1223245.0
2026-06-03 17:02:53.659167,44609536.0,0.13503139372125525,1223936.0
2026-06-03 17:03:03.754496,45158400.0,0.13114624166215094,1225054.0
2026-06-03 17:03:13.863255,45330432.0,0.10277836697148472,1226172.0
2026-06-03 17:03:23.948634,45441024.0,0.05617999407501424,1227290.0
2026-06-03 17:03:34.020454,46559232.0,0.0545780394550249,1228408.0
2026-06-03 17:03:44.099327,47345664.0,0.009472770481097147,1229526.0
2026-06-03 17:03:54.199912,47087616.0,0.0084617742616418,1230644.0
2026-06-03 17:04:04.266482,47468544.0,0.008349657904213716,1231762.0
2026-06-03 17:04:14.357102,45420544.0,0.007820382496428855,1232880.0
2026-06-03 17:04:24.433691,46399488.0,0.008297779409066388,1233998.0
2026-06-03 17:04:34.526608,46424064.0,0.008151326975677468,1235116.0
2026-06-03 17:04:44.637034,45834240.0,0.007616508243380962,1236234.0
2026-06-03 17:04:54.722253,46239744.0,0.008017251219737497,1237352.0
2026-06-03 17:05:04.820382,46231552.0,0.008394659885568301,1238470.0
2026-06-03 17:05:14.907987,47161344.0,0.008259203647086637,1239588.0
2026-06-03 17:05:24.973301,47304704.0,0.008334165977787654,1240706.0
2026-06-03 17:05:35.656320,47304704.0,0.008264971835161061,1241824.0
2026-06-03 17:05:45.898142,48181248.0,0.010705012621709567,1242942.0
2026-06-03 17:05:56.174005,48758784.0,0.020728425896791084,1244060.0
2026-06-03 17:06:06.303741,44277760.0,0.02544928043562831,1245178.0
2026-06-03 17:06:16.424232,44593152.0,0.025511654026190055,1246296.0
2026-06-03 17:06:26.620917,44961792.0,0.028754089888641424,1247414.0
2026-06-03 17:06:36.951668,45600768.0,0.05318725811801928,1249091.0
2026-06-03 17:06:47.243030,46022656.0,0.04389248184063976,1250209.0
2026-06-03 17:06:57.342987,46866432.0,0.0429300679817226,1251327.0
2026-06-03 17:07:07.479848,46755840.0,0.04066813434736755,1252445.0
2026-06-03 17:07:17.599494,45842432.0,0.038564258860459166,1253563.0
2026-06-03 17:07:27.704990,46247936.0,0.03892031210490259,1254681.0
2026-06-03 17:07:37.863244,45527040.0,0.027010173710698762,1255799.0
2026-06-03 17:07:48.106831,46247936.0,0.025956002653105582,1256917.0
2026-06-03 17:07:58.183124,45830144.0,0.028151044776119943,1258035.0
2026-06-03 17:08:08.278475,45629440.0,0.027346510423179506,1259153.0
2026-06-03 17:08:18.508147,46325760.0,0.026642482611022363,1260271.0
2026-06-03 17:08:28.637102,45260800.0,0.023518025960383653,1261389.0
2026-06-03 17:08:38.736918,45989888.0,0.022517466777109987,1262507.0
2026-06-03 17:08:48.856464,46764032.0,0.02225438067569409,1263625.0
2026-06-03 17:08:58.984751,47005696.0,0.02278944182548566,1264743.0
2026-06-03 17:09:09.159329,46886912.0,0.023368038308288833,1265861.0
2026-06-03 17:09:19.270681,47837184.0,0.02268888403660952,1266979.0
2026-06-03 17:09:29.331593,47460352.0,0.013370906744575252,1268097.0
2026-06-03 17:09:39.447222,49205248.0,0.02082079763231505,1269215.0
2026-06-03 17:09:49.559354,48799744.0,0.01868923014377048,1270333.0
2026-06-03 17:09:59.665157,47476736.0,0.01758526460183355,1271451.0
2026-06-03 17:10:09.805189,47824896.0,0.017830042426737275,1272569.0
2026-06-03 17:10:20.194514,48869376.0,0.018272931695118906,1273687.0
2026-06-03 17:10:30.313383,45944832.0,0.019198620188816122,1274805.0
2026-06-03 17:10:40.407884,46825472.0,0.01216310430054323,1275923.0
2026-06-03 17:10:50.493390,45830144.0,0.013040084079693553,1277041.0
2026-06-03 17:11:00.571727,46587904.0,0.01157518991076037,1278159.0
2026-06-03 17:11:10.669968,46264320.0,0.010998412497969163,1279277.0
2026-06-03 17:11:20.736718,47738880.0,0.008812906866598389,1280395.0
2026-06-03 17:11:30.831200,46362624.0,0.009317347888789808,1281513.0
2026-06-03 17:11:40.896557,46931968.0,0.007710653344191925,1282631.0
2026-06-03 17:11:50.972949,48214016.0,0.006889935680815238,1283749.0
2026-06-03 17:12:01.058201,46415872.0,0.005761062742458931,1284867.0
2026-06-03 17:12:11.143737,46907392.0,0.007036786156736174,1285985.0
2026-06-03 17:12:21.222012,47476736.0,0.006514548127712181,1287103.0
2026-06-03 17:12:31.293172,48340992.0,0.0076289078845123304,1288221.0
2026-06-03 17:12:41.371889,47292416.0,0.007603451114874844,1289339.0
2026-06-03 17:12:51.498707,47173632.0,0.007897227971104604,1290457.0
2026-06-03 17:13:02.055297,46440448.0,0.02081239458858077,1292134.0
2026-06-03 17:13:14.435275,46927872.0,0.02789667460625177,1293252.0
2026-06-03 17:13:25.702982,46866432.0,0.02877408177408232,1294370.0
2026-06-03 17:13:37.403291,46448640.0,0.07817700512896758,1296047.0
2026-06-03 17:13:47.769705,46624768.0,0.25242566338203365,1297165.0
2026-06-03 17:13:57.851504,45629440.0,0.2484984973213122,1298283.0
2026-06-03 17:14:08.076267,45772800.0,0.2358294338663702,1299401.0
2026-06-03 17:14:18.165421,47476736.0,0.2413160929098065,1300519.0
2026-06-03 17:14:28.252371,46624768.0,0.22005782578035057,1301637.0
2026-06-03 17:14:38.344015,46632960.0,0.012721838788186281,1302755.0
2026-06-03 17:14:48.421299,47202304.0,0.011785071942444382,1303873.0
2026-06-03 17:14:58.495731,46936064.0,0.01093234660729237,1304991.0
2026-06-03 17:15:08.577239,47894528.0,0.007257415897917205,1306109.0
2026-06-03 17:15:18.656356,48943104.0,0.0072983423390423595,1307227.0
2026-06-03 17:15:28.761911,48525312.0,0.0069345652449048145,1308345.0
2026-06-03 17:15:38.839814,49217536.0,0.005831871819855061,1309463.0
2026-06-03 17:15:48.931134,47714304.0,0.008838250086873835,1310581.0
2026-06-03 17:15:59.013789,47194112.0,0.008847686200583404,1311699.0
2026-06-03 17:16:09.229063,46886912.0,0.007996237166047292,1312817.0
2026-06-03 17:16:19.352766,46755840.0,0.014594793322735002,1313935.0
2026-06-03 17:16:29.403935,46563328.0,0.014646627214569904,1315053.0
2026-06-03 17:16:39.468437,46710784.0,0.01269517681429576,1316171.0
2026-06-03 17:16:49.562525,46387200.0,0.012551812358774594,1317289.0
2026-06-03 17:16:59.657406,45461504.0,0.012665831836082905,1318407.0
2026-06-03 17:17:09.774126,45879296.0,0.011311260343847577,1319525.0
2026-06-03 17:17:19.857999,46628864.0,0.007206615011406141,1320643.0
2026-06-03 17:17:29.943722,47394816.0,0.008035392139104773,1321761.0
2026-06-03 17:17:40.032969,47325184.0,0.007425024430852125,1322879.0
2026-06-03 17:17:50.108546,48758784.0,0.0077149630055300756,1323997.0
2026-06-03 17:18:00.215902,49127424.0,0.007385908538024314,1325115.0
2026-06-03 17:18:10.311605,49016832.0,0.006692795512604238,1326233.0
2026-06-03 17:18:20.394688,49147904.0,0.008269749198984487,1327351.0
2026-06-03 17:18:30.539274,49893376.0,0.00747775184054545,1328469.0
2026-06-03 17:18:40.648371,47558656.0,0.006598364046240095,1329587.0
2026-06-03 17:18:50.849869,47689728.0,0.007549941077265801,1330705.0
2026-06-03 17:19:01.230842,45821952.0,0.008764297142207956,1331823.0
2026-06-03 17:19:11.409411,45879296.0,0.009292393690524254,1332941.0
2026-06-03 17:19:21.502934,46104576.0,0.010473239641739669,1334618.0
2026-06-03 17:19:31.583424,47190016.0,0.010704697986577949,1335736.0
2026-06-03 17:19:41.669288,47747072.0,0.010517282003879459,1336854.0
2026-06-03 17:19:51.745921,47480832.0,0.011241178927490082,1337972.0
2026-06-03 17:20:01.820338,47435776.0,0.009661289146523299,1339090.0
2026-06-03 17:20:11.901774,48025600.0,0.009402469047064741,1340208.0
2026-06-03 17:20:21.974725,46194688.0,0.009422133025419607,1341326.0
2026-06-03 17:20:32.058787,46665728.0,0.010283543140677849,1342444.0
2026-06-03 17:20:42.149109,45658112.0,0.009733876811595068,1343562.0
2026-06-03 17:20:52.233992,45973504.0,0.009399500624219565,1344680.0
2026-06-03 17:21:02.316698,46002176.0,0.009266851868445948,1345798.0
2026-06-03 17:21:12.396070,46571520.0,0.008875458723769426,1346916.0
2026-06-03 17:21:22.473667,46972928.0,0.008810976723791365,1348034.0
2026-06-03 17:21:32.563688,47128576.0,0.008038467971232125,1349152.0
2026-06-03 17:21:42.641615,47472640.0,0.007518389498001978,1350270.0
2026-06-03 17:21:52.794137,48136192.0,0.007714154062989638,1351388.0
2026-06-03 17:22:02.855821,48136192.0,0.007609672727273226,1352506.0
2026-06-03 17:22:12.926047,46542848.0,0.007627177513203907,1353624.0
2026-06-03 17:22:23.066699,44085248.0,0.00904558554312956,1354742.0
2026-06-03 17:22:33.154047,44740608.0,0.008760626804423669,1355860.0
2026-06-03 17:22:43.231843,46100480.0,0.007798922374430021,1356978.0
2026-06-03 17:22:53.330536,46104576.0,0.008363354150688162,1358096.0
2026-06-03 17:23:03.408445,46587904.0,0.008226386371874029,1359214.0
2026-06-03 17:23:13.513885,46624768.0,0.0076762784654797675,1360332.0
2026-06-03 17:23:23.637048,46727168.0,0.008630360999691332,1361450.0
2026-06-03 17:23:33.722976,46997504.0,0.009675218701756218,1362568.0
2026-06-03 17:23:43.831251,48103424.0,0.008622565698978806,1363686.0
2026-06-03 17:23:53.921549,47587328.0,0.010369273104139522,1364804.0
2026-06-03 17:24:04.017930,48291840.0,0.010672497676706654,1365922.0
2026-06-03 17:24:14.113129,47370240.0,0.00840460686520389,1367040.0
2026-06-03 17:24:24.192701,46194688.0,0.008893230996522934,1368158.0
2026-06-03 17:24:34.256952,46071808.0,0.007994538602973401,1369276.0
2026-06-03 17:24:44.340445,46465024.0,0.006904372223522326,1370394.0
2026-06-03 17:24:54.417387,45957120.0,0.006822726447632824,1371512.0
2026-06-03 17:25:04.503960,46194688.0,0.007385630051793213,1372630.0
2026-06-03 17:25:14.591304,46211072.0,0.007312383401856467,1373748.0
2026-06-03 17:25:24.684280,46837760.0,0.008815813684989576,1374866.0
2026-06-03 17:25:34.769541,46850048.0,0.008712249295542296,1375984.0
2026-06-03 17:25:44.853003,47558656.0,0.00860039123630497,1377102.0
2026-06-03 17:25:54.936234,46022656.0,0.010313887323430743,1378220.0
2026-06-03 17:26:05.022851,45891584.0,0.009527074684986505,1379338.0
2026-06-03 17:26:15.115496,46899200.0,0.006901361631027752,1380456.0
2026-06-03 17:26:25.206968,47079424.0,0.008103825335787325,1381574.0
2026-06-03 17:26:35.286931,47042560.0,0.008887555228276039,1382692.0
2026-06-03 17:26:45.386709,47714304.0,0.007692348938689521,1383810.0
2026-06-03 17:26:55.467282,47742976.0,0.008175228276022755,1384928.0
2026-06-03 17:27:05.544003,47382528.0,0.009080965147452866,1386046.0
2026-06-03 17:27:15.638719,46661632.0,0.008082816839239797,1387164.0
2026-06-03 17:27:25.740929,47304704.0,0.00829303637603877,1388282.0
2026-06-03 17:27:35.816085,47603712.0,0.007213596040511663,1389400.0
2026-06-03 17:27:45.900249,47345664.0,0.006077004508919345,1390518.0
2026-06-03 17:27:55.968739,47046656.0,0.006654193651555233,1391636.0
2026-06-03 17:28:06.029639,47239168.0,0.005974823377192484,1392754.0
2026-06-03 17:28:16.088797,47091712.0,0.004813118636975015,1393872.0
2026-06-03 17:28:26.257209,47190016.0,0.006243792545202601,1395549.0
2026-06-03 17:28:36.499083,47984640.0,0.006431506973538088,1396667.0
2026-06-03 17:28:46.570500,47071232.0,0.010469672481376617,1397785.0
2026-06-03 17:28:56.673640,48099328.0,0.010589346799152381,1398903.0
2026-06-03 17:29:06.999772,48443392.0,0.01046173286492812,1400021.0
2026-06-03 17:29:17.607631,48537600.0,0.01125444750920879,1401139.0
2026-06-03 17:29:27.682748,48488448.0,0.012276071815791724,1402257.0
2026-06-03 17:29:37.843290,49008640.0,0.010970607577362733,1403375.0
2026-06-03 17:29:47.914318,47460352.0,0.015343702325582515,1404493.0
2026-06-03 17:29:57.999159,46632960.0,0.015046727775033268,1405611.0
2026-06-03 17:30:08.100608,48746496.0,0.014394544988275323,1406729.0
2026-06-03 17:30:18.163645,48087040.0,0.014092921010647613,1407847.0
2026-06-03 17:30:28.240880,47284224.0,0.010292633500685856,1408965.0
2026-06-03 17:30:38.329316,47534080.0,0.008019052813379193,1410083.0
2026-06-03 17:30:48.389443,48001024.0,0.0075998807286405965,1411201.0
2026-06-03 17:30:58.447073,48594944.0,0.007604596067282407,1412319.0
2026-06-03 17:31:08.530369,48570368.0,0.007305633878702133,1413437.0
2026-06-03 17:31:18.599023,46579712.0,0.008560621058806039,1414555.0
2026-06-03 17:31:28.681024,46391296.0,0.009226687524722645,1415673.0
2026-06-03 17:31:38.775643,46305280.0,0.009594525933207039,1416791.0
2026-06-03 17:31:48.854740,45613056.0,0.007932856778146605,1417909.0
2026-06-03 17:31:58.925567,46714880.0,0.007417819540765157,1419027.0
2026-06-03 17:32:09.013620,47116288.0,0.00807040243201706,1420145.0
2026-06-03 17:32:19.099473,46051328.0,0.005639617748925876,1421263.0
2026-06-03 17:32:29.200994,47271936.0,0.006305042141062141,1422381.0
2026-06-03 17:32:39.295950,47427584.0,0.00637834087921711,1423499.0
2026-06-03 17:32:49.394455,48275456.0,0.006689172935030722,1424617.0
2026-06-03 17:32:59.472326,48168960.0,0.006603953758063542,1425735.0
2026-06-03 17:33:09.575876,47194112.0,0.006945107972194789,1426853.0
2026-06-03 17:33:19.657308,46071808.0,0.007146781504988107,1427971.0
2026-06-03 17:33:29.741849,46809088.0,0.006558983599322838,1429089.0
2026-06-03 17:33:39.826054,47325184.0,0.006125724748246045,1430207.0
2026-06-03 17:33:49.902460,47378432.0,0.006161280200815192,1431325.0
2026-06-03 17:34:00.002625,48259072.0,0.005752246539604191,1432443.0
2026-06-03 17:34:10.131274,46989312.0,0.005650861272478272,1433561.0
2026-06-03 17:34:20.203878,46333952.0,0.005823273488270145,1434679.0
2026-06-03 17:34:30.282095,47853568.0,0.005634880270019636,1435797.0
2026-06-03 17:34:40.371031,47648768.0,0.004563505902632833,1436915.0
2026-06-03 17:34:50.463714,46354432.0,0.005717798755715926,1438033.0
2026-06-03 17:35:00.544185,47108096.0,0.005683679364505201,1439151.0
2026-06-03 17:35:10.628888,47022080.0,0.006079405412271405,1440269.0
2026-06-03 17:35:20.723260,46202880.0,0.006916338707631368,1441387.0
2026-06-03 17:35:30.915531,47046656.0,0.00721974194569755,1442505.0
2026-06-03 17:35:41.084365,46526464.0,0.00729237815574967,1443623.0
2026-06-03 17:35:51.207055,46051328.0,0.013031539813712193,1445300.0
2026-06-03 17:36:01.277883,44019712.0,0.016431291300063544,1446418.0
2026-06-03 17:36:11.362413,44691456.0,0.01557898137379784,1447536.0
2026-06-03 17:36:21.453439,45359104.0,0.016687506971555275,1448654.0
2026-06-03 17:36:31.531731,45363200.0,0.014931932503298644,1449772.0
2026-06-03 17:36:41.627299,45727744.0,0.010736270908310381,1450890.0
2026-06-03 17:36:51.715657,45748224.0,0.006977312263096987,1452008.0
2026-06-03 17:37:01.807611,46592000.0,0.006836368924273119,1453126.0
2026-06-03 17:37:11.899170,47505408.0,0.00812706850573158,1454244.0
2026-06-03 17:37:22.010869,47251456.0,0.011031760435571412,1455362.0
2026-06-03 17:37:32.088801,47742976.0,0.01155827335501179,1456480.0
2026-06-03 17:37:42.189482,47771648.0,0.01059074446680009,1457598.0
2026-06-03 17:37:52.281108,47931392.0,0.01163514407855905,1458716.0
2026-06-03 17:38:02.362202,47239168.0,0.009523228910354134,1459834.0
2026-06-03 17:38:12.440868,45842432.0,0.007294956585995822,1460952.0
2026-06-03 17:38:22.529294,45850624.0,0.007044302989402763,1462070.0
2026-06-03 17:38:32.901794,46104576.0,0.006918485539509396,1463188.0
2026-06-03 17:38:43.032557,47271936.0,0.006134843738615648,1464306.0
2026-06-03 17:38:53.186601,48685056.0,0.0069135811281019165,1465424.0
2026-06-03 17:39:03.272511,47529984.0,0.016612606685633448,1466542.0
2026-06-03 17:39:13.354384,47529984.0,0.01665771034285916,1467660.0
2026-06-03 17:39:23.444615,45985792.0,0.01843319919150704,1468778.0
2026-06-03 17:39:33.531977,45920256.0,0.01857293113713106,1469896.0
2026-06-03 17:39:43.627323,47247360.0,0.017902394476813823,1471014.0
2026-06-03 17:39:53.746556,46002176.0,0.01970200832947874,1472132.0
2026-06-03 17:40:03.826722,46854144.0,0.01022075205079842,1473250.0
2026-06-03 17:40:13.915282,47300608.0,0.009791883075463963,1474368.0
2026-06-03 17:40:24.012763,46866432.0,0.011685355957210219,1475486.0
2026-06-03 17:40:34.112086,46862336.0,0.010950925942462487,1476604.0
2026-06-03 17:40:44.249124,45731840.0,0.010356950475458508,1477722.0
2026-06-03 17:40:54.910046,45420544.0,0.016445247599525044,1478840.0
2026-06-03 17:41:05.061658,45268992.0,0.01871572688936677,1479958.0
2026-06-03 17:41:15.168762,45817856.0,0.019987527095043693,1481076.0
2026-06-03 17:41:25.276841,45735936.0,0.019241582030853778,1482194.0
2026-06-03 17:41:35.376725,45862912.0,0.01790984431984027,1483312.0
2026-06-03 17:41:45.464880,46780416.0,0.011336690415160876,1484430.0
2026-06-03 17:41:55.545078,47607808.0,0.009385997501846382,1485548.0
2026-06-03 17:42:05.637445,48685056.0,0.009244453680065708,1486666.0
2026-06-03 17:42:15.742660,49631232.0,0.007635277377795894,1488343.0
2026-06-03 17:42:25.835334,47878144.0,0.008724841154128365,1489461.0
2026-06-03 17:42:35.918902,47898624.0,0.008687153829112526,1490579.0
2026-06-03 17:42:46.023976,48238592.0,0.00746775983673977,1491697.0
2026-06-03 17:42:56.104312,48242688.0,0.008649686748742521,1492815.0
2026-06-03 17:43:06.202252,45932544.0,0.00876346150363243,1493933.0
2026-06-03 17:43:16.301890,46059520.0,0.00708854458904351,1495051.0
2026-06-03 17:43:26.427882,46206976.0,0.00857614312631719,1496169.0
2026-06-03 17:43:36.518940,46473216.0,0.008919552835460719,1497287.0
2026-06-03 17:43:46.627782,47394816.0,0.008751048822936227,1498405.0
2026-06-03 17:43:56.884894,48480256.0,0.009398050603690544,1499523.0
2026-06-03 17:44:06.983354,48476160.0,0.009218400940624328,1500641.0
2026-06-03 17:44:17.092022,46030848.0,0.00797119654866154,1501759.0
2026-06-03 17:44:27.170690,47370240.0,0.0099321889346555,1502877.0
2026-06-03 17:44:37.390262,48177152.0,0.00875814022523736,1503995.0
2026-06-03 17:44:47.538113,47783936.0,0.09176634980649387,1505540.0
2026-06-03 17:44:57.620572,48332800.0,0.09348598080545292,1506658.0
2026-06-03 17:45:07.717292,48328704.0,0.09352741472460344,1507776.0
2026-06-03 17:45:17.788820,46104576.0,0.09353797479862375,1508894.0
2026-06-03 17:45:27.872733,47120384.0,0.09520519566537376,1510012.0
2026-06-03 17:45:37.978171,46333952.0,0.008175045260867648,1511130.0
2026-06-03 17:45:48.081625,46981120.0,0.008066420798948773,1512248.0
2026-06-03 17:45:58.181371,47538176.0,0.00917684156017166,1513366.0
2026-06-03 17:46:08.264984,47394816.0,0.008729950454620333,1514484.0
2026-06-03 17:46:18.355271,46637056.0,0.008300603449811116,1515602.0
2026-06-03 17:46:28.460493,47513600.0,0.008958696161680857,1516720.0
2026-06-03 17:46:38.618590,47513600.0,0.008701051831198849,1517838.0
2026-06-03 17:46:48.746420,47919104.0,0.009546396566276653,1518956.0
2026-06-03 17:46:58.922929,46866432.0,0.01817878035969732,1520074.0
2026-06-03 17:47:09.074674,44187648.0,0.018896361794234717,1521192.0
2026-06-03 17:47:19.170981,45170688.0,0.018388200524991138,1522310.0
2026-06-03 17:47:29.834787,44093440.0,0.022006631346372606,1523428.0
2026-06-03 17:47:40.034963,45150208.0,0.02103170816107333,1524546.0
2026-06-03 17:47:50.104778,45424640.0,0.010875318417883266,1525664.0
2026-06-03 17:48:00.167260,45535232.0,0.01035759527229559,1526782.0
2026-06-03 17:48:10.262372,46551040.0,0.010070574174831962,1527900.0
2026-06-03 17:48:20.359285,47767552.0,0.009411867929621193,1529018.0
2026-06-03 17:48:30.471204,47812608.0,0.0072628089515900905,1530136.0
2026-06-03 17:48:40.558619,47960064.0,0.007620655503651244,1531254.0
2026-06-03 17:48:50.649622,47779840.0,0.0067657054117990076,1532931.0
2026-06-03 17:49:00.746725,47800320.0,0.028193162948523146,1534049.0
2026-06-03 17:49:10.851331,45854720.0,0.027914788443349714,1535167.0
2026-06-03 17:49:20.940064,45817856.0,0.0275678193444073,1536285.0
2026-06-03 17:49:31.057074,46739456.0,0.027819334045519305,1537403.0
2026-06-03 17:49:41.123474,47329280.0,0.028179013486050987,1538521.0
2026-06-03 17:49:51.203409,45953024.0,0.007206210436580141,1539639.0
2026-06-03 17:50:01.302317,46342144.0,0.00896389570273498,1540757.0
2026-06-03 17:50:11.389311,46505984.0,0.009018575964380875,1541875.0
2026-06-03 17:50:21.491738,46505984.0,0.007586036303452694,1542993.0
2026-06-03 17:50:31.581984,46108672.0,0.00837686110911174,1544111.0
2026-06-03 17:50:41.665536,46292992.0,0.00871399196013534,1545229.0
2026-06-03 17:50:51.754785,45727744.0,0.0074836905700502426,1546347.0
2026-06-03 17:51:01.854025,45211648.0,0.007418105675843321,1547465.0
2026-06-03 17:51:11.928142,45494272.0,0.008251120252699974,1548583.0
2026-06-03 17:51:22.014796,44875776.0,0.007406936105385991,1549701.0
2026-06-03 17:51:32.094056,45096960.0,0.008765402929735757,1550819.0
2026-06-03 17:51:42.172874,45072384.0,0.007613404972224225,1551937.0
2026-06-03 17:51:52.252035,45072384.0,0.0065664697193499625,1553055.0
2026-06-03 17:52:02.356094,45490176.0,0.0064811831920386165,1554173.0
2026-06-03 17:52:12.440159,45944832.0,0.00685233088819508,1555291.0
2026-06-03 17:52:22.525456,46370816.0,0.005618418642142872,1556409.0
2026-06-03 17:52:32.595194,46694400.0,0.006802467126087174,1557527.0
2026-06-03 17:52:42.687881,46878720.0,0.00691775805698267,1558645.0
2026-06-03 17:52:52.789898,47296512.0,0.005937908847184834,1559763.0
2026-06-03 17:53:02.873826,47644672.0,0.007420439564408464,1560881.0
2026-06-03 17:53:12.999748,47915008.0,0.007521887301355569,1561999.0
2026-06-03 17:53:23.123359,47505408.0,0.006434301118356117,1563117.0
2026-06-03 17:53:33.207827,47271936.0,0.00783450671862616,1564235.0
2026-06-03 17:53:43.296328,46469120.0,0.008235487721075609,1565353.0
2026-06-03 17:53:53.380460,46632960.0,0.007389206256501617,1566471.0
2026-06-03 17:54:03.452903,46694400.0,0.008405422770494907,1567589.0
2026-06-03 17:54:13.537761,46505984.0,0.007329371424511121,1568707.0
2026-06-03 17:54:23.624469,47128576.0,0.006729442622951334,1569825.0
2026-06-03 17:54:33.700737,46272512.0,0.007509430840503833,1570943.0
2026-06-03 17:54:43.810126,46153728.0,0.007143875929803525,1572061.0
2026-06-03 17:54:53.912821,47194112.0,0.011554245111579558,1573606.0
2026-06-03 17:55:04.048928,47026176.0,0.012920865656491566,1574724.0
2026-06-03 17:55:14.149629,46227456.0,0.013261290147273255,1575842.0
2026-06-03 17:55:24.224804,47194112.0,0.013423260457221524,1576960.0
2026-06-03 17:55:34.322215,47194112.0,0.013462339275277001,1578078.0
2026-06-03 17:55:44.397091,46563328.0,0.00776134047991136,1579196.0
2026-06-03 17:55:54.481350,46215168.0,0.00809764692118643,1580314.0
2026-06-03 17:56:04.570669,45903872.0,0.0094171316964295,1581432.0
2026-06-03 17:56:14.654303,46710784.0,0.007966668282705154,1582550.0
2026-06-03 17:56:24.740231,46829568.0,0.007350538227989281,1583668.0
2026-06-03 17:56:34.850503,46833664.0,0.008256705680427275,1584786.0
2026-06-03 17:56:44.934121,45813760.0,0.007010127869236071,1585904.0
2026-06-03 17:56:55.019053,47218688.0,0.0063189894669512725,1587022.0
2026-06-03 17:57:05.099504,46239744.0,0.008154848780488864,1588140.0
2026-06-03 17:57:15.183250,46280704.0,0.008762372519565152,1589258.0
2026-06-03 17:57:25.309604,47022080.0,0.008017580538876886,1590376.0
2026-06-03 17:57:35.391294,46886912.0,0.008210256316636074,1592053.0
