timestamp,memory,cpu,network_receive,network_transmit
2026-07-18 02:36:14,42921984.0,0.00726385721009377,22331.0,211483.0
2026-07-18 02:36:19,42807296.0,0.007218898720663011,22932.0,217216.0
2026-07-18 02:36:24,43335680.0,0.007296165776480739,23491.0,222950.0
2026-07-18 02:36:29,42831872.0,0.005846289784509967,24050.0,228683.0
2026-07-18 02:36:35,42795008.0,0.007075889511437855,24609.0,234410.0
2026-07-18 02:36:40,42496000.0,0.006407797547574865,25168.0,240139.0
2026-07-18 02:36:45,43454464.0,0.0064770045138951805,25727.0,245868.0
2026-07-18 02:36:50,43745280.0,0.006502842934713054,26286.0,251604.0
2026-07-18 02:36:55,43761664.0,0.006582412960795787,26845.0,257335.0
2026-07-18 02:37:00,43245568.0,0.005210267985096017,27404.0,263078.0
2026-07-18 02:37:05,42536960.0,0.005917150558057916,27963.0,268809.0
2026-07-18 02:37:10,43110400.0,0.00602144993486119,28522.0,274545.0
2026-07-18 02:37:15,42733568.0,0.00595538582995208,29081.0,280277.0
2026-07-18 02:37:20,43626496.0,0.006109746434231372,29640.0,286002.0
2026-07-18 02:37:25,44068864.0,0.006156366735574656,30199.0,291736.0
2026-07-18 02:37:30,44752896.0,0.005114967817011527,31185.0,297471.0
2026-07-18 02:37:35,45031424.0,0.006173181809890366,31317.0,303207.0
2026-07-18 02:37:40,42856448.0,0.006303964120370375,31876.0,308937.0
2026-07-18 02:37:46,43225088.0,0.00623777773707252,32435.0,314665.0
2026-07-18 02:37:51,43749376.0,0.006217606672615687,32994.0,320394.0
2026-07-18 02:37:56,43634688.0,0.006405489684179995,33553.0,326124.0
2026-07-18 02:38:01,43376640.0,0.00548573079979771,34112.0,331861.0
2026-07-18 02:38:06,43696128.0,0.006590710174138834,34671.0,337587.0
2026-07-18 02:38:11,43253760.0,0.007205319148936174,35230.0,343301.0
2026-07-18 02:38:16,43462656.0,0.006919446526165715,35789.0,349011.0
2026-07-18 02:38:21,42737664.0,0.007836488591588009,36348.0,354745.0
2026-07-18 02:38:26,43270144.0,0.007671466540450005,36907.0,360481.0
2026-07-18 02:38:31,42733568.0,0.006703611910923212,37466.0,366212.0
2026-07-18 02:38:36,43511808.0,0.007644580074555954,38025.0,371943.0
2026-07-18 02:38:41,43450368.0,0.007592857778965181,38584.0,377674.0
2026-07-18 02:38:46,43982848.0,0.007692285330135542,39143.0,383406.0
2026-07-18 02:38:52,43724800.0,0.0075071757978232775,39702.0,389142.0
2026-07-18 02:38:57,44130304.0,0.007588499370403485,40261.0,394880.0
2026-07-18 02:39:02,44466176.0,0.006544907860028415,40820.0,400626.0
2026-07-18 02:39:07,44728320.0,0.007297969971733783,41379.0,406360.0
2026-07-18 02:39:12,44511232.0,0.007317338951344877,41938.0,412104.0
2026-07-18 02:39:17,45662208.0,0.006576969497476411,42497.0,417854.0
2026-07-18 02:39:22,44126208.0,0.006659867043074403,43056.0,423593.0
2026-07-18 02:39:27,43216896.0,0.006651093257025454,43615.0,429329.0
2026-07-18 02:39:32,44339200.0,0.005777414284669926,44174.0,435066.0
2026-07-18 02:39:37,44331008.0,0.007010715017796245,44733.0,440805.0
2026-07-18 02:39:42,44171264.0,0.007019619456578067,45292.0,446543.0
2026-07-18 02:39:47,44363776.0,0.006873668406377347,45851.0,452281.0
2026-07-18 02:39:52,44691456.0,0.007122273228057288,46410.0,458016.0
2026-07-18 02:39:57,44605440.0,0.0058868906767628945,46969.0,463740.0
2026-07-18 02:40:03,45486080.0,0.005982136622486288,47528.0,469476.0
2026-07-18 02:40:08,44929024.0,0.008032714267559854,48087.0,475205.0
2026-07-18 02:40:13,45477888.0,0.007608335247512339,48646.0,480939.0
2026-07-18 02:40:18,44888064.0,0.00798919548174691,49205.0,486673.0
2026-07-18 02:40:23,45174784.0,0.008050972819354373,49764.0,492405.0
2026-07-18 02:40:28,45191168.0,0.007732131579422223,50323.0,498147.0
2026-07-18 02:40:33,44548096.0,0.006895133301782616,50882.0,503877.0
2026-07-18 02:40:38,44806144.0,0.008476309872047439,51441.0,509597.0
2026-07-18 02:40:43,45924352.0,0.00789638970907746,52000.0,515334.0
2026-07-18 02:40:48,45416448.0,0.008433372559187823,52559.0,521063.0
2026-07-18 02:40:53,45703168.0,0.007624266482156933,53118.0,526798.0
2026-07-18 02:40:58,44691456.0,0.006113716575940667,53677.0,532527.0
2026-07-18 02:41:04,45510656.0,0.006085377763887805,54236.0,538258.0
2026-07-18 02:41:09,44314624.0,0.0073761357723251784,54795.0,543991.0
2026-07-18 02:41:14,45096960.0,0.006703748196963576,55354.0,549725.0
2026-07-18 02:41:19,43540480.0,0.007258051016341177,55913.0,555459.0
2026-07-18 02:41:24,43950080.0,0.00703991567391262,56472.0,561190.0
2026-07-18 02:41:29,44871680.0,0.005586450364088861,57590.0,572663.0
2026-07-18 02:41:34,42680320.0,0.006722233358237518,58149.0,578395.0
2026-07-18 02:41:39,43159552.0,0.006693506446927183,58708.0,584129.0
2026-07-18 02:41:44,43270144.0,0.006916876844647168,59267.0,589851.0
2026-07-18 02:41:49,43364352.0,0.006760688556637587,59826.0,595589.0
2026-07-18 02:41:54,43380736.0,0.006782918018959614,60385.0,601322.0
2026-07-18 02:41:59,43827200.0,0.005780399577049363,60944.0,607062.0
2026-07-18 02:42:04,44130304.0,0.0070685222144308444,61503.0,612807.0
2026-07-18 02:42:09,44146688.0,0.007126491030770072,62062.0,618554.0
2026-07-18 02:42:15,44511232.0,0.00716203940167821,62621.0,624294.0
2026-07-18 02:42:20,44679168.0,0.0069704304474269025,63180.0,630028.0
2026-07-18 02:42:25,44429312.0,0.00690984107579462,63739.0,635766.0
2026-07-18 02:42:30,44818432.0,0.005894726555559491,64298.0,641507.0
2026-07-18 02:42:35,45150208.0,0.00759382440338864,64857.0,647237.0
2026-07-18 02:42:40,45867008.0,0.007439707629054358,65416.0,652972.0
2026-07-18 02:42:45,45604864.0,0.007537099728064823,65975.0,658719.0
2026-07-18 02:42:50,45867008.0,0.007348368229362892,66534.0,664460.0
2026-07-18 02:42:55,46411776.0,0.00711820120867402,67093.0,670193.0
2026-07-18 02:43:00,45780992.0,0.006107691176200195,67652.0,675926.0
2026-07-18 02:43:05,45957120.0,0.00713357712521593,68211.0,681659.0
2026-07-18 02:43:10,46059520.0,0.007572763611805729,68770.0,687387.0
2026-07-18 02:43:15,45281280.0,0.0076671537789816885,69329.0,693126.0
2026-07-18 02:43:21,44535808.0,0.007801679043055194,69888.0,698855.0
2026-07-18 02:43:26,44040192.0,0.007530180656900436,70447.0,704601.0
2026-07-18 02:43:31,44060672.0,0.005928735801469096,71006.0,710342.0
2026-07-18 02:43:36,45051904.0,0.007331278862586824,71565.0,716088.0
2026-07-18 02:43:41,45318144.0,0.0072654706748554385,72124.0,721837.0
2026-07-18 02:43:46,45457408.0,0.007446167968676822,72683.0,727583.0
2026-07-18 02:43:51,44785664.0,0.0073722191063750175,73242.0,733324.0
2026-07-18 02:43:56,44470272.0,0.007002878111958557,73801.0,739053.0
2026-07-18 02:44:01,44470272.0,0.006056017838690368,74360.0,744799.0
2026-07-18 02:44:06,45551616.0,0.006617029359092628,74919.0,750535.0
2026-07-18 02:44:11,45281280.0,0.006801131577983671,75478.0,756294.0
2026-07-18 02:44:16,45101056.0,0.00675926608208681,76037.0,762046.0
2026-07-18 02:44:22,45637632.0,0.006629624954922465,76596.0,767785.0
2026-07-18 02:44:27,45109248.0,0.006615193608751973,77155.0,773530.0
2026-07-18 02:44:32,44277760.0,0.005126808265326339,77714.0,779277.0
2026-07-18 02:44:37,44732416.0,0.005788912345112432,78273.0,785025.0
2026-07-18 02:44:42,44044288.0,0.005857664494880794,78832.0,790763.0
2026-07-18 02:44:47,43937792.0,0.00583946506353721,79391.0,796504.0
2026-07-18 02:44:52,43933696.0,0.006049412799325771,79950.0,802238.0
